0 verbose cli /data/data/com.termux/files/usr/bin/node /data/data/com.termux/files/usr/bin/npm
1 info using npm@11.17.0
2 info using node@v26.3.1
3 silly config load:file:/data/data/com.termux/files/usr/lib/node_modules/npm/npmrc
4 silly config load:file:/data/data/com.termux/files/home/oversabijojo-api/.npmrc
5 silly config load:file:/data/data/com.termux/files/home/.npmrc
6 silly config load:file:/data/data/com.termux/files/usr/etc/npmrc
7 verbose title npm install express sequelize sqlite3 bcryptjs jsonwebtoken dotenv
8 verbose argv "install" "express" "sequelize" "sqlite3" "bcryptjs" "jsonwebtoken" "dotenv"
9 verbose logfile logs-max:10 dir:/data/data/com.termux/files/home/.npm/_logs/2026-08-18T13_09_51_112Z-
10 verbose logfile /data/data/com.termux/files/home/.npm/_logs/2026-08-18T13_09_51_112Z-debug-0.log
11 silly logfile start cleaning logs, removing 1 files
12 silly packumentCache heap:1174405120 maxSize:293601280 maxEntrySize:146800640
13 silly logfile done cleaning log files
14 silly idealTree buildDeps
15 silly fetch manifest express@*
16 silly packumentCache full:https://registry.npmjs.org/express cache-miss
17 http cache https://registry.npmjs.org/express 84ms (cache hit)
18 silly packumentCache full:https://registry.npmjs.org/express set size:804975 disposed:false
19 silly fetch manifest sequelize@*
20 silly packumentCache full:https://registry.npmjs.org/sequelize cache-miss
21 http cache https://registry.npmjs.org/sequelize 53ms (cache hit)
22 silly packumentCache full:https://registry.npmjs.org/sequelize set size:4312087 disposed:false
23 silly fetch manifest sqlite3@*
24 silly packumentCache full:https://registry.npmjs.org/sqlite3 cache-miss
25 http cache https://registry.npmjs.org/sqlite3 27ms (cache hit)
26 silly packumentCache full:https://registry.npmjs.org/sqlite3 set size:330693 disposed:false
27 silly fetch manifest bcryptjs@*
28 silly packumentCache full:https://registry.npmjs.org/bcryptjs cache-miss
29 http cache https://registry.npmjs.org/bcryptjs 32ms (cache hit)
30 silly packumentCache full:https://registry.npmjs.org/bcryptjs set size:80385 disposed:false
31 silly fetch manifest jsonwebtoken@*
32 silly packumentCache full:https://registry.npmjs.org/jsonwebtoken cache-miss
33 http cache https://registry.npmjs.org/jsonwebtoken 18ms (cache hit)
34 silly packumentCache full:https://registry.npmjs.org/jsonwebtoken set size:183413 disposed:false
35 silly fetch manifest dotenv@*
36 silly packumentCache full:https://registry.npmjs.org/dotenv cache-miss
37 http cache https://registry.npmjs.org/dotenv 17ms (cache hit)
38 silly packumentCache full:https://registry.npmjs.org/dotenv set size:277821 disposed:false
39 silly placeDep ROOT bcryptjs@3.0.3 OK for: oversabijojo-api@1.0.0 want: *
40 silly placeDep ROOT dotenv@17.4.2 OK for: oversabijojo-api@1.0.0 want: *
41 silly placeDep ROOT express@5.2.1 OK for: oversabijojo-api@1.0.0 want: *
42 silly placeDep ROOT jsonwebtoken@9.0.3 OK for: oversabijojo-api@1.0.0 want: *
43 silly placeDep ROOT sequelize@6.37.8 OK for: oversabijojo-api@1.0.0 want: *
44 silly placeDep ROOT sqlite3@6.0.1 OK for: oversabijojo-api@1.0.0 want: *
45 silly fetch manifest qs@^6.14.0
46 silly packumentCache full:https://registry.npmjs.org/qs cache-miss
47 silly fetch manifest depd@^2.0.0
48 silly packumentCache full:https://registry.npmjs.org/depd cache-miss
49 silly fetch manifest etag@^1.8.1
50 silly packumentCache full:https://registry.npmjs.org/etag cache-miss
51 silly fetch manifest once@^1.4.0
52 silly packumentCache full:https://registry.npmjs.org/once cache-miss
53 silly fetch manifest send@^1.1.0
54 silly packumentCache full:https://registry.npmjs.org/send cache-miss
55 silly fetch manifest vary@^1.1.2
56 silly packumentCache full:https://registry.npmjs.org/vary cache-miss
57 silly fetch manifest debug@^4.4.0
58 silly packumentCache full:https://registry.npmjs.org/debug cache-miss
59 http cache https://registry.npmjs.org/depd 53ms (cache hit)
60 silly packumentCache full:https://registry.npmjs.org/depd set size:40182 disposed:false
61 silly fetch manifest fresh@^2.0.0
62 silly packumentCache full:https://registry.npmjs.org/fresh cache-miss
63 http cache https://registry.npmjs.org/etag 61ms (cache hit)
64 silly packumentCache full:https://registry.npmjs.org/etag set size:30032 disposed:false
65 silly fetch manifest cookie@^0.7.1
66 silly packumentCache full:https://registry.npmjs.org/cookie cache-miss
67 http cache https://registry.npmjs.org/once 67ms (cache hit)
68 silly packumentCache full:https://registry.npmjs.org/once set size:11752 disposed:false
69 silly fetch manifest router@^2.2.0
70 silly packumentCache full:https://registry.npmjs.org/router cache-miss
71 http cache https://registry.npmjs.org/debug 71ms (cache hit)
72 silly packumentCache full:https://registry.npmjs.org/debug set size:195840 disposed:false
73 silly fetch manifest accepts@^2.0.0
74 silly packumentCache full:https://registry.npmjs.org/accepts cache-miss
75 http cache https://registry.npmjs.org/qs 105ms (cache hit)
76 silly packumentCache full:https://registry.npmjs.org/qs set size:360318 disposed:false
77 silly fetch manifest type-is@^2.0.1
78 silly packumentCache full:https://registry.npmjs.org/type-is cache-miss
79 http cache https://registry.npmjs.org/send 123ms (cache hit)
80 silly packumentCache full:https://registry.npmjs.org/send set size:152810 disposed:false
81 silly fetch manifest parseurl@^1.3.3
82 silly packumentCache full:https://registry.npmjs.org/parseurl cache-miss
83 http cache https://registry.npmjs.org/vary 139ms (cache hit)
84 silly packumentCache full:https://registry.npmjs.org/vary set size:15994 disposed:false
85 silly fetch manifest statuses@^2.0.1
86 silly packumentCache full:https://registry.npmjs.org/statuses cache-miss
87 http cache https://registry.npmjs.org/fresh 122ms (cache hit)
88 silly packumentCache full:https://registry.npmjs.org/fresh set size:25427 disposed:false
89 silly fetch manifest encodeurl@^2.0.0
90 silly packumentCache full:https://registry.npmjs.org/encodeurl cache-miss
91 http cache https://registry.npmjs.org/cookie 122ms (cache hit)
92 silly packumentCache full:https://registry.npmjs.org/cookie set size:78274 disposed:false
93 silly fetch manifest mime-types@^3.0.0
94 silly packumentCache full:https://registry.npmjs.org/mime-types cache-miss
95 http cache https://registry.npmjs.org/accepts 108ms (cache hit)
96 silly packumentCache full:https://registry.npmjs.org/accepts set size:77054 disposed:false
97 silly fetch manifest proxy-addr@^2.0.7
98 silly packumentCache full:https://registry.npmjs.org/proxy-addr cache-miss
99 http cache https://registry.npmjs.org/router 142ms (cache hit)
100 silly packumentCache full:https://registry.npmjs.org/router set size:116499 disposed:false
101 silly fetch manifest body-parser@^2.2.1
102 silly packumentCache full:https://registry.npmjs.org/body-parser cache-miss
103 http cache https://registry.npmjs.org/type-is 108ms (cache hit)
104 silly packumentCache full:https://registry.npmjs.org/type-is set size:88614 disposed:false
105 silly fetch manifest escape-html@^1.0.3
106 silly packumentCache full:https://registry.npmjs.org/escape-html cache-miss
107 http cache https://registry.npmjs.org/parseurl 101ms (cache hit)
108 silly packumentCache full:https://registry.npmjs.org/parseurl set size:24148 disposed:false
109 silly fetch manifest http-errors@^2.0.0
110 silly packumentCache full:https://registry.npmjs.org/http-errors cache-miss
111 http cache https://registry.npmjs.org/statuses 103ms (cache hit)
112 silly packumentCache full:https://registry.npmjs.org/statuses set size:37117 disposed:false
113 silly fetch manifest on-finished@^2.4.1
114 silly packumentCache full:https://registry.npmjs.org/on-finished cache-miss
115 http cache https://registry.npmjs.org/encodeurl 108ms (cache hit)
116 silly packumentCache full:https://registry.npmjs.org/encodeurl set size:12296 disposed:false
117 silly fetch manifest content-type@^1.0.5
118 silly packumentCache full:https://registry.npmjs.org/content-type cache-miss
119 http cache https://registry.npmjs.org/mime-types 104ms (cache hit)
120 silly packumentCache full:https://registry.npmjs.org/mime-types set size:139110 disposed:false
121 silly fetch manifest finalhandler@^2.1.0
122 silly packumentCache full:https://registry.npmjs.org/finalhandler cache-miss
123 http cache https://registry.npmjs.org/body-parser 108ms (cache hit)
124 silly packumentCache full:https://registry.npmjs.org/body-parser set size:204559 disposed:false
125 silly fetch manifest range-parser@^1.2.1
126 silly packumentCache full:https://registry.npmjs.org/range-parser cache-miss
127 http cache https://registry.npmjs.org/proxy-addr 142ms (cache hit)
128 silly packumentCache full:https://registry.npmjs.org/proxy-addr set size:61619 disposed:false
129 silly fetch manifest serve-static@^2.2.0
130 silly packumentCache full:https://registry.npmjs.org/serve-static cache-miss
131 http cache https://registry.npmjs.org/escape-html 126ms (cache hit)
132 silly packumentCache full:https://registry.npmjs.org/escape-html set size:7345 disposed:false
133 silly fetch manifest cookie-signature@^1.2.1
134 silly packumentCache full:https://registry.npmjs.org/cookie-signature cache-miss
135 http cache https://registry.npmjs.org/on-finished 109ms (cache hit)
136 silly packumentCache full:https://registry.npmjs.org/on-finished set size:23212 disposed:false
137 silly fetch manifest merge-descriptors@^2.0.0
138 silly packumentCache full:https://registry.npmjs.org/merge-descriptors cache-miss
139 http cache https://registry.npmjs.org/http-errors 129ms (cache hit)
140 silly packumentCache full:https://registry.npmjs.org/http-errors set size:71987 disposed:false
141 silly fetch manifest content-disposition@^1.0.0
142 silly packumentCache full:https://registry.npmjs.org/content-disposition cache-miss
143 http cache https://registry.npmjs.org/content-type 108ms (cache hit)
144 silly packumentCache full:https://registry.npmjs.org/content-type set size:21479 disposed:false
145 silly fetch manifest ms@^2.1.1
146 silly packumentCache full:https://registry.npmjs.org/ms cache-miss
147 http cache https://registry.npmjs.org/finalhandler 104ms (cache hit)
148 silly packumentCache full:https://registry.npmjs.org/finalhandler set size:79291 disposed:false
149 silly fetch manifest jws@^4.0.1
150 silly packumentCache full:https://registry.npmjs.org/jws cache-miss
151 http cache https://registry.npmjs.org/range-parser 75ms (cache hit)
152 silly packumentCache full:https://registry.npmjs.org/range-parser set size:24852 disposed:false
153 silly fetch manifest semver@^7.5.4
154 silly packumentCache full:https://registry.npmjs.org/semver cache-miss
155 http cache https://registry.npmjs.org/serve-static 76ms (cache hit)
156 silly packumentCache full:https://registry.npmjs.org/serve-static set size:150391 disposed:false
157 silly fetch manifest lodash.once@^4.0.0
158 silly packumentCache full:https://registry.npmjs.org/lodash.once cache-miss
159 http cache https://registry.npmjs.org/merge-descriptors 79ms (cache hit)
160 silly packumentCache full:https://registry.npmjs.org/merge-descriptors set size:16527 disposed:false
161 silly fetch manifest lodash.includes@^4.3.0
162 silly packumentCache full:https://registry.npmjs.org/lodash.includes cache-miss
163 http cache https://registry.npmjs.org/cookie-signature 92ms (cache hit)
164 silly packumentCache full:https://registry.npmjs.org/cookie-signature set size:21777 disposed:false
165 silly fetch manifest lodash.isnumber@^3.0.3
166 silly packumentCache full:https://registry.npmjs.org/lodash.isnumber cache-miss
167 http cache https://registry.npmjs.org/content-disposition 84ms (cache hit)
168 silly packumentCache full:https://registry.npmjs.org/content-disposition set size:45446 disposed:false
169 silly fetch manifest lodash.isstring@^4.0.1
170 silly packumentCache full:https://registry.npmjs.org/lodash.isstring cache-miss
171 http cache https://registry.npmjs.org/jws 74ms (cache hit)
172 silly packumentCache full:https://registry.npmjs.org/jws set size:48740 disposed:false
173 silly fetch manifest lodash.isboolean@^3.0.3
174 silly packumentCache full:https://registry.npmjs.org/lodash.isboolean cache-miss
175 http cache https://registry.npmjs.org/ms 100ms (cache hit)
176 silly packumentCache full:https://registry.npmjs.org/ms set size:92208 disposed:false
177 silly fetch manifest lodash.isinteger@^4.0.4
178 silly packumentCache full:https://registry.npmjs.org/lodash.isinteger cache-miss
179 http cache https://registry.npmjs.org/lodash.once 75ms (cache hit)
180 silly packumentCache full:https://registry.npmjs.org/lodash.once set size:23407 disposed:false
181 silly fetch manifest lodash.isplainobject@^4.0.6
182 silly packumentCache full:https://registry.npmjs.org/lodash.isplainobject cache-miss
183 http cache https://registry.npmjs.org/semver 100ms (cache hit)
184 silly packumentCache full:https://registry.npmjs.org/semver set size:246069 disposed:false
185 silly fetch manifest wkx@^0.5.0
186 silly packumentCache full:https://registry.npmjs.org/wkx cache-miss
187 http cache https://registry.npmjs.org/lodash.isnumber 87ms (cache hit)
188 silly packumentCache full:https://registry.npmjs.org/lodash.isnumber set size:21368 disposed:false
189 silly fetch manifest uuid@^8.3.2
190 silly packumentCache full:https://registry.npmjs.org/uuid cache-miss
191 http cache https://registry.npmjs.org/lodash.includes 101ms (cache hit)
192 silly packumentCache full:https://registry.npmjs.org/lodash.includes set size:27594 disposed:false
193 silly fetch manifest debug@^4.3.4
194 silly packumentCache full:https://registry.npmjs.org/debug cache-hit
195 silly fetch manifest dottie@^2.0.6
196 silly packumentCache full:https://registry.npmjs.org/dottie cache-miss
197 http cache https://registry.npmjs.org/lodash.isstring 95ms (cache hit)
198 silly packumentCache full:https://registry.npmjs.org/lodash.isstring set size:21368 disposed:false
199 silly fetch manifest lodash@^4.17.21
200 silly packumentCache full:https://registry.npmjs.org/lodash cache-miss
201 http cache https://registry.npmjs.org/lodash.isboolean 123ms (cache hit)
202 silly packumentCache full:https://registry.npmjs.org/lodash.isboolean set size:21437 disposed:false
203 silly fetch manifest moment@^2.29.4
204 silly packumentCache full:https://registry.npmjs.org/moment cache-miss
205 http cache https://registry.npmjs.org/lodash.isinteger 116ms (cache hit)
206 silly packumentCache full:https://registry.npmjs.org/lodash.isinteger set size:10827 disposed:false
207 silly fetch manifest validator@^13.9.0
208 silly packumentCache full:https://registry.npmjs.org/validator cache-miss
209 http cache https://registry.npmjs.org/lodash.isplainobject 115ms (cache hit)
210 silly packumentCache full:https://registry.npmjs.org/lodash.isplainobject set size:38531 disposed:false
211 silly fetch manifest inflection@^1.13.4
212 silly packumentCache full:https://registry.npmjs.org/inflection cache-miss
213 http cache https://registry.npmjs.org/dottie 83ms (cache hit)
214 silly packumentCache full:https://registry.npmjs.org/dottie set size:41435 disposed:false
215 silly fetch manifest @types/debug@^4.1.8
216 silly packumentCache full:https://registry.npmjs.org/@types%2fdebug cache-miss
217 http cache https://registry.npmjs.org/wkx 110ms (cache hit)
218 silly packumentCache full:https://registry.npmjs.org/wkx set size:40998 disposed:false
219 silly fetch manifest sequelize-pool@^7.1.0
220 silly packumentCache full:https://registry.npmjs.org/sequelize-pool cache-miss
221 http cache https://registry.npmjs.org/lodash 100ms (cache hit)
222 silly packumentCache full:https://registry.npmjs.org/lodash set size:247652 disposed:false
223 silly fetch manifest toposort-class@^1.0.1
224 silly packumentCache full:https://registry.npmjs.org/toposort-class cache-miss
225 http cache https://registry.npmjs.org/uuid 137ms (cache hit)
226 silly packumentCache full:https://registry.npmjs.org/uuid set size:256419 disposed:false
227 silly fetch manifest moment-timezone@^0.5.43
228 silly packumentCache full:https://registry.npmjs.org/moment-timezone cache-miss
229 http cache https://registry.npmjs.org/moment 105ms (cache hit)
230 silly packumentCache full:https://registry.npmjs.org/moment set size:241592 disposed:false
231 silly fetch manifest @types/validator@^13.7.17
232 silly packumentCache full:https://registry.npmjs.org/@types%2fvalidator cache-miss
233 http cache https://registry.npmjs.org/validator 124ms (cache hit)
234 silly packumentCache full:https://registry.npmjs.org/validator set size:478403 disposed:false
235 silly fetch manifest retry-as-promised@^7.0.4
236 silly packumentCache full:https://registry.npmjs.org/retry-as-promised cache-miss
237 http cache https://registry.npmjs.org/inflection 143ms (cache hit)
238 silly packumentCache full:https://registry.npmjs.org/inflection set size:110389 disposed:false
239 silly fetch manifest pg-connection-string@^2.6.1
240 silly packumentCache full:https://registry.npmjs.org/pg-connection-string cache-miss
241 http cache https://registry.npmjs.org/@types%2fdebug 231ms (cache hit)
242 silly packumentCache full:https://registry.npmjs.org/@types%2fdebug set size:55727 disposed:false
243 silly fetch manifest bindings@^1.5.0
244 silly packumentCache full:https://registry.npmjs.org/bindings cache-miss
245 http cache https://registry.npmjs.org/sequelize-pool 241ms (cache hit)
246 silly packumentCache full:https://registry.npmjs.org/sequelize-pool set size:54660 disposed:false
247 silly fetch manifest node-addon-api@^8.0.0
248 silly packumentCache full:https://registry.npmjs.org/node-addon-api cache-miss
249 http cache https://registry.npmjs.org/toposort-class 228ms (cache hit)
250 silly packumentCache full:https://registry.npmjs.org/toposort-class set size:18183 disposed:false
251 silly fetch manifest prebuild-install@^7.1.3
252 silly packumentCache full:https://registry.npmjs.org/prebuild-install cache-miss
253 http cache https://registry.npmjs.org/moment-timezone 218ms (cache hit)
254 silly packumentCache full:https://registry.npmjs.org/moment-timezone set size:166550 disposed:false
255 silly fetch manifest tar@^7.5.10
256 silly packumentCache full:https://registry.npmjs.org/tar cache-miss
257 http cache https://registry.npmjs.org/@types%2fvalidator 232ms (cache hit)
258 silly packumentCache full:https://registry.npmjs.org/@types%2fvalidator set size:239158 disposed:false
259 silly fetch manifest node-gyp@12.x
260 silly packumentCache full:https://registry.npmjs.org/node-gyp cache-miss
261 http fetch GET 200 https://registry.npmjs.org/bindings 973ms (cache miss)
262 silly packumentCache full:https://registry.npmjs.org/bindings set size:undefined disposed:false
263 http fetch GET 200 https://registry.npmjs.org/pg-connection-string 1087ms (cache miss)
264 silly packumentCache full:https://registry.npmjs.org/pg-connection-string set size:undefined disposed:false
265 http fetch GET 200 https://registry.npmjs.org/retry-as-promised 1123ms (cache miss)
266 silly packumentCache full:https://registry.npmjs.org/retry-as-promised set size:undefined disposed:false
267 http fetch GET 200 https://registry.npmjs.org/prebuild-install 1039ms (cache miss)
268 silly packumentCache full:https://registry.npmjs.org/prebuild-install set size:undefined disposed:false
269 http fetch GET 200 https://registry.npmjs.org/node-gyp 971ms (cache miss)
270 silly packumentCache full:https://registry.npmjs.org/node-gyp set size:undefined disposed:false
271 http fetch GET 200 https://registry.npmjs.org/node-addon-api 1096ms (cache miss)
272 silly packumentCache full:https://registry.npmjs.org/node-addon-api set size:undefined disposed:false
273 http fetch GET 200 https://registry.npmjs.org/tar 1087ms (cache miss)
274 silly packumentCache full:https://registry.npmjs.org/tar set size:undefined disposed:false
275 silly placeDep ROOT accepts@2.0.0 OK for: express@5.2.1 want: ^2.0.0
276 silly placeDep ROOT body-parser@2.3.0 OK for: express@5.2.1 want: ^2.2.1
277 silly placeDep ROOT content-disposition@1.1.0 OK for: express@5.2.1 want: ^1.0.0
278 silly placeDep ROOT content-type@1.0.5 OK for: express@5.2.1 want: ^1.0.5
279 silly placeDep ROOT cookie@0.7.2 OK for: express@5.2.1 want: ^0.7.1
280 silly placeDep ROOT cookie-signature@1.2.2 OK for: express@5.2.1 want: ^1.2.1
281 silly placeDep ROOT debug@4.4.3 OK for: express@5.2.1 want: ^4.4.0
282 silly placeDep ROOT depd@2.0.0 OK for: express@5.2.1 want: ^2.0.0
283 silly placeDep ROOT encodeurl@2.0.0 OK for: express@5.2.1 want: ^2.0.0
284 silly placeDep ROOT escape-html@1.0.3 OK for: express@5.2.1 want: ^1.0.3
285 silly placeDep ROOT etag@1.8.1 OK for: express@5.2.1 want: ^1.8.1
286 silly placeDep ROOT finalhandler@2.1.1 OK for: express@5.2.1 want: ^2.1.0
287 silly placeDep ROOT fresh@2.0.0 OK for: express@5.2.1 want: ^2.0.0
288 silly placeDep ROOT http-errors@2.0.1 OK for: express@5.2.1 want: ^2.0.0
289 silly placeDep ROOT merge-descriptors@2.0.0 OK for: express@5.2.1 want: ^2.0.0
290 silly placeDep ROOT mime-types@3.0.2 OK for: express@5.2.1 want: ^3.0.0
291 silly placeDep ROOT on-finished@2.4.1 OK for: express@5.2.1 want: ^2.4.1
292 silly placeDep ROOT once@1.4.0 OK for: express@5.2.1 want: ^1.4.0
293 silly placeDep ROOT parseurl@1.3.3 OK for: express@5.2.1 want: ^1.3.3
294 silly placeDep ROOT proxy-addr@2.0.7 OK for: express@5.2.1 want: ^2.0.7
295 silly placeDep ROOT qs@6.15.3 OK for: express@5.2.1 want: ^6.14.0
296 silly placeDep ROOT range-parser@1.3.0 OK for: express@5.2.1 want: ^1.2.1
297 silly placeDep ROOT router@2.2.0 OK for: express@5.2.1 want: ^2.2.0
298 silly placeDep ROOT send@1.2.1 OK for: express@5.2.1 want: ^1.1.0
299 silly placeDep ROOT serve-static@2.2.1 OK for: express@5.2.1 want: ^2.2.0
300 silly placeDep ROOT statuses@2.0.2 OK for: express@5.2.1 want: ^2.0.1
301 silly placeDep ROOT type-is@2.1.0 OK for: express@5.2.1 want: ^2.0.1
302 silly placeDep ROOT vary@1.1.2 OK for: express@5.2.1 want: ^1.1.2
303 silly fetch manifest negotiator@^1.0.0
304 silly packumentCache full:https://registry.npmjs.org/negotiator cache-miss
305 silly fetch manifest qs@^6.15.2
306 silly packumentCache full:https://registry.npmjs.org/qs cache-hit
307 silly fetch manifest bytes@^3.1.2
308 silly packumentCache full:https://registry.npmjs.org/bytes cache-miss
309 silly fetch manifest debug@^4.4.3
310 silly packumentCache full:https://registry.npmjs.org/debug cache-hit
311 silly fetch manifest type-is@^2.1.0
312 silly packumentCache full:https://registry.npmjs.org/type-is cache-hit
313 silly fetch manifest raw-body@^3.0.2
314 silly packumentCache full:https://registry.npmjs.org/raw-body cache-miss
315 silly fetch manifest iconv-lite@^0.7.2
316 silly packumentCache full:https://registry.npmjs.org/iconv-lite cache-miss
317 silly fetch manifest http-errors@^2.0.1
318 silly packumentCache full:https://registry.npmjs.org/http-errors cache-hit
319 silly fetch manifest content-type@^2.0.0
320 silly packumentCache full:https://registry.npmjs.org/content-type cache-hit
321 silly fetch manifest ms@^2.1.3
322 silly packumentCache full:https://registry.npmjs.org/ms cache-hit
323 silly fetch manifest inherits@~2.0.4
324 silly packumentCache full:https://registry.npmjs.org/inherits cache-miss
325 silly fetch manifest setprototypeof@~1.2.0
326 silly packumentCache full:https://registry.npmjs.org/setprototypeof cache-miss
327 silly fetch manifest statuses@~2.0.2
328 silly packumentCache full:https://registry.npmjs.org/statuses cache-hit
329 silly fetch manifest toidentifier@~1.0.1
330 silly packumentCache full:https://registry.npmjs.org/toidentifier cache-miss
331 http fetch GET 200 https://registry.npmjs.org/bytes 299ms (cache revalidated)
332 silly packumentCache full:https://registry.npmjs.org/bytes set size:37018 disposed:false
333 silly fetch manifest mime-db@^1.54.0
334 silly packumentCache full:https://registry.npmjs.org/mime-db cache-miss
335 http fetch GET 200 https://registry.npmjs.org/iconv-lite 297ms (cache revalidated)
336 silly packumentCache full:https://registry.npmjs.org/iconv-lite set size:126462 disposed:false
337 silly fetch manifest ee-first@1.1.1
338 silly packumentCache full:https://registry.npmjs.org/ee-first cache-miss
339 http fetch GET 200 https://registry.npmjs.org/toidentifier 287ms (cache revalidated)
340 silly packumentCache full:https://registry.npmjs.org/toidentifier set size:12006 disposed:false
341 silly fetch manifest wrappy@1
342 silly packumentCache full:https://registry.npmjs.org/wrappy cache-miss
343 http fetch GET 200 https://registry.npmjs.org/negotiator 337ms (cache revalidated)
344 silly packumentCache full:https://registry.npmjs.org/negotiator set size:48046 disposed:false
345 silly fetch manifest forwarded@0.2.0
346 silly packumentCache full:https://registry.npmjs.org/forwarded cache-miss
347 http fetch GET 200 https://registry.npmjs.org/setprototypeof 312ms (cache revalidated)
348 silly packumentCache full:https://registry.npmjs.org/setprototypeof set size:14532 disposed:false
349 silly fetch manifest ipaddr.js@1.9.1
350 silly packumentCache full:https://registry.npmjs.org/ipaddr.js cache-miss
351 http fetch GET 200 https://registry.npmjs.org/raw-body 345ms (cache revalidated)
352 silly packumentCache full:https://registry.npmjs.org/raw-body set size:120042 disposed:false
353 silly fetch manifest side-channel@^1.1.1
354 silly packumentCache full:https://registry.npmjs.org/side-channel cache-miss
355 http fetch GET 200 https://registry.npmjs.org/inherits 338ms (cache revalidated)
356 silly packumentCache full:https://registry.npmjs.org/inherits set size:12925 disposed:false
357 silly fetch manifest es-define-property@^1.0.1
358 silly packumentCache full:https://registry.npmjs.org/es-define-property cache-miss
359 http fetch GET 200 https://registry.npmjs.org/wrappy 271ms (cache revalidated)
360 silly packumentCache full:https://registry.npmjs.org/wrappy set size:7682 disposed:false
361 silly fetch manifest is-promise@^4.0.0
362 silly packumentCache full:https://registry.npmjs.org/is-promise cache-miss
363 http fetch GET 200 https://registry.npmjs.org/forwarded 266ms (cache revalidated)
364 silly packumentCache full:https://registry.npmjs.org/forwarded set size:11229 disposed:false
365 silly fetch manifest path-to-regexp@^8.0.0
366 silly packumentCache full:https://registry.npmjs.org/path-to-regexp cache-miss
367 http fetch GET 200 https://registry.npmjs.org/side-channel 250ms (cache revalidated)
368 silly packumentCache full:https://registry.npmjs.org/side-channel set size:27650 disposed:false
369 silly fetch manifest statuses@^2.0.2
370 silly packumentCache full:https://registry.npmjs.org/statuses cache-hit
371 silly fetch manifest media-typer@^1.1.0
372 silly packumentCache full:https://registry.npmjs.org/media-typer cache-miss
373 http fetch GET 200 https://registry.npmjs.org/ipaddr.js 292ms (cache revalidated)
374 silly packumentCache full:https://registry.npmjs.org/ipaddr.js set size:84329 disposed:false
375 http fetch GET 200 https://registry.npmjs.org/es-define-property 275ms (cache revalidated)
376 silly packumentCache full:https://registry.npmjs.org/es-define-property set size:8542 disposed:false
377 http fetch GET 200 https://registry.npmjs.org/mime-db 352ms (cache revalidated)
378 silly packumentCache full:https://registry.npmjs.org/mime-db set size:164953 disposed:false
379 http fetch GET 200 https://registry.npmjs.org/ee-first 364ms (cache revalidated)
380 silly packumentCache full:https://registry.npmjs.org/ee-first set size:15327 disposed:false
381 http fetch GET 200 https://registry.npmjs.org/is-promise 258ms (cache revalidated)
382 silly packumentCache full:https://registry.npmjs.org/is-promise set size:18599 disposed:false
383 http fetch GET 200 https://registry.npmjs.org/path-to-regexp 257ms (cache revalidated)
384 silly packumentCache full:https://registry.npmjs.org/path-to-regexp set size:216334 disposed:false
385 http fetch GET 200 https://registry.npmjs.org/media-typer 406ms (cache revalidated)
386 silly packumentCache full:https://registry.npmjs.org/media-typer set size:22074 disposed:false
387 silly placeDep ROOT negotiator@1.0.0 OK for: accepts@2.0.0 want: ^1.0.0
388 silly placeDep ROOT bytes@3.1.2 OK for: body-parser@2.3.0 want: ^3.1.2
389 silly placeDep node_modules/body-parser content-type@2.1.0 OK for: body-parser@2.3.0 want: ^2.0.0
390 silly placeDep ROOT iconv-lite@0.7.3 OK for: body-parser@2.3.0 want: ^0.7.2
391 silly placeDep ROOT raw-body@3.0.2 OK for: body-parser@2.3.0 want: ^3.0.2
392 silly fetch manifest safer-buffer@>= 2.1.2 < 3.0.0
393 silly packumentCache full:https://registry.npmjs.org/safer-buffer cache-miss
394 silly fetch manifest unpipe@~1.0.0
395 silly packumentCache full:https://registry.npmjs.org/unpipe cache-miss
396 http fetch GET 200 https://registry.npmjs.org/unpipe 213ms (cache revalidated)
397 silly packumentCache full:https://registry.npmjs.org/unpipe set size:3609 disposed:false
398 http fetch GET 200 https://registry.npmjs.org/safer-buffer 219ms (cache revalidated)
399 silly packumentCache full:https://registry.npmjs.org/safer-buffer set size:18521 disposed:false
400 silly placeDep ROOT ms@2.1.3 OK for: debug@4.4.3 want: ^2.1.3
401 silly placeDep ROOT inherits@2.0.4 OK for: http-errors@2.0.1 want: ~2.0.4
402 silly placeDep ROOT setprototypeof@1.2.0 OK for: http-errors@2.0.1 want: ~1.2.0
403 silly placeDep ROOT toidentifier@1.0.1 OK for: http-errors@2.0.1 want: ~1.0.1
404 silly placeDep ROOT safer-buffer@2.1.2 OK for: iconv-lite@0.7.3 want: >= 2.1.2 < 3.0.0
405 silly placeDep ROOT jws@4.0.1 OK for: jsonwebtoken@9.0.3 want: ^4.0.1
406 silly placeDep ROOT lodash.includes@4.3.0 OK for: jsonwebtoken@9.0.3 want: ^4.3.0
407 silly placeDep ROOT lodash.isboolean@3.0.3 OK for: jsonwebtoken@9.0.3 want: ^3.0.3
408 silly placeDep ROOT lodash.isinteger@4.0.4 OK for: jsonwebtoken@9.0.3 want: ^4.0.4
409 silly placeDep ROOT lodash.isnumber@3.0.3 OK for: jsonwebtoken@9.0.3 want: ^3.0.3
410 silly placeDep ROOT lodash.isplainobject@4.0.6 OK for: jsonwebtoken@9.0.3 want: ^4.0.6
411 silly placeDep ROOT lodash.isstring@4.0.1 OK for: jsonwebtoken@9.0.3 want: ^4.0.1
412 silly placeDep ROOT lodash.once@4.1.1 OK for: jsonwebtoken@9.0.3 want: ^4.0.0
413 silly placeDep ROOT semver@7.8.5 OK for: jsonwebtoken@9.0.3 want: ^7.5.4
414 silly fetch manifest jwa@^2.0.1
415 silly packumentCache full:https://registry.npmjs.org/jwa cache-miss
416 silly fetch manifest safe-buffer@^5.0.1
417 silly packumentCache full:https://registry.npmjs.org/safe-buffer cache-miss
418 http fetch GET 200 https://registry.npmjs.org/safe-buffer 203ms (cache miss)
419 silly packumentCache full:https://registry.npmjs.org/safe-buffer set size:undefined disposed:false
420 http fetch GET 200 https://registry.npmjs.org/jwa 223ms (cache miss)
421 silly packumentCache full:https://registry.npmjs.org/jwa set size:undefined disposed:false
422 silly placeDep ROOT jwa@2.0.1 OK for: jws@4.0.1 want: ^2.0.1
423 silly placeDep ROOT safe-buffer@5.2.1 OK for: jws@4.0.1 want: ^5.0.1
424 silly fetch manifest ecdsa-sig-formatter@1.0.11
425 silly packumentCache full:https://registry.npmjs.org/ecdsa-sig-formatter cache-miss
426 silly fetch manifest buffer-equal-constant-time@^1.0.1
427 silly packumentCache full:https://registry.npmjs.org/buffer-equal-constant-time cache-miss
428 http fetch GET 200 https://registry.npmjs.org/buffer-equal-constant-time 197ms (cache miss)
429 silly packumentCache full:https://registry.npmjs.org/buffer-equal-constant-time set size:undefined disposed:false
430 http fetch GET 200 https://registry.npmjs.org/ecdsa-sig-formatter 217ms (cache miss)
431 silly packumentCache full:https://registry.npmjs.org/ecdsa-sig-formatter set size:undefined disposed:false
432 silly placeDep ROOT buffer-equal-constant-time@1.0.1 OK for: jwa@2.0.1 want: ^1.0.1
433 silly placeDep ROOT ecdsa-sig-formatter@1.0.11 OK for: jwa@2.0.1 want: 1.0.11
434 silly placeDep ROOT mime-db@1.54.0 OK for: mime-types@3.0.2 want: ^1.54.0
435 silly placeDep ROOT ee-first@1.1.1 OK for: on-finished@2.4.1 want: 1.1.1
436 silly placeDep ROOT wrappy@1.0.2 OK for: once@1.4.0 want: 1
437 silly placeDep ROOT forwarded@0.2.0 OK for: proxy-addr@2.0.7 want: 0.2.0
438 silly placeDep ROOT ipaddr.js@1.9.1 OK for: proxy-addr@2.0.7 want: 1.9.1
439 silly placeDep ROOT es-define-property@1.0.1 OK for: qs@6.15.3 want: ^1.0.1
440 silly placeDep ROOT side-channel@1.1.1 OK for: qs@6.15.3 want: ^1.1.1
441 silly fetch manifest es-errors@^1.3.0
442 silly packumentCache full:https://registry.npmjs.org/es-errors cache-miss
443 silly fetch manifest object-inspect@^1.13.4
444 silly packumentCache full:https://registry.npmjs.org/object-inspect cache-miss
445 silly fetch manifest side-channel-list@^1.0.1
446 silly packumentCache full:https://registry.npmjs.org/side-channel-list cache-miss
447 silly fetch manifest side-channel-map@^1.0.1
448 silly packumentCache full:https://registry.npmjs.org/side-channel-map cache-miss
449 silly fetch manifest side-channel-weakmap@^1.0.2
450 silly packumentCache full:https://registry.npmjs.org/side-channel-weakmap cache-miss
451 http fetch GET 200 https://registry.npmjs.org/side-channel-list 241ms (cache revalidated)
452 silly packumentCache full:https://registry.npmjs.org/side-channel-list set size:9021 disposed:false
453 http fetch GET 200 https://registry.npmjs.org/es-errors 249ms (cache revalidated)
454 silly packumentCache full:https://registry.npmjs.org/es-errors set size:16918 disposed:false
455 http fetch GET 200 https://registry.npmjs.org/side-channel-map 253ms (cache revalidated)
456 silly packumentCache full:https://registry.npmjs.org/side-channel-map set size:9126 disposed:false
457 http fetch GET 200 https://registry.npmjs.org/object-inspect 262ms (cache revalidated)
458 silly packumentCache full:https://registry.npmjs.org/object-inspect set size:101927 disposed:false
459 http fetch GET 200 https://registry.npmjs.org/side-channel-weakmap 292ms (cache revalidated)
460 silly packumentCache full:https://registry.npmjs.org/side-channel-weakmap set size:12620 disposed:false
461 silly placeDep ROOT unpipe@1.0.0 OK for: raw-body@3.0.2 want: ~1.0.0
462 silly placeDep ROOT is-promise@4.0.0 OK for: router@2.2.0 want: ^4.0.0
463 silly placeDep ROOT path-to-regexp@8.4.2 OK for: router@2.2.0 want: ^8.0.0
464 silly placeDep ROOT @types/debug@4.1.13 OK for: sequelize@6.37.8 want: ^4.1.8
465 silly placeDep ROOT @types/validator@13.15.10 OK for: sequelize@6.37.8 want: ^13.7.17
466 silly placeDep ROOT dottie@2.0.7 OK for: sequelize@6.37.8 want: ^2.0.6
467 silly placeDep ROOT inflection@1.13.4 OK for: sequelize@6.37.8 want: ^1.13.4
468 silly placeDep ROOT lodash@4.18.1 OK for: sequelize@6.37.8 want: ^4.17.21
469 silly placeDep ROOT moment@2.30.1 OK for: sequelize@6.37.8 want: ^2.29.4
470 silly placeDep ROOT moment-timezone@0.5.48 OK for: sequelize@6.37.8 want: ^0.5.43
471 silly placeDep ROOT pg-connection-string@2.14.0 OK for: sequelize@6.37.8 want: ^2.6.1
472 silly placeDep ROOT retry-as-promised@7.1.1 OK for: sequelize@6.37.8 want: ^7.0.4
473 silly placeDep ROOT sequelize-pool@7.1.0 OK for: sequelize@6.37.8 want: ^7.1.0
474 silly placeDep ROOT toposort-class@1.0.1 OK for: sequelize@6.37.8 want: ^1.0.1
475 silly placeDep ROOT uuid@8.3.2 OK for: sequelize@6.37.8 want: ^8.3.2
476 silly placeDep ROOT validator@13.15.35 OK for: sequelize@6.37.8 want: ^13.9.0
477 silly placeDep ROOT wkx@0.5.0 OK for: sequelize@6.37.8 want: ^0.5.0
478 silly fetch manifest @types/ms@*
479 silly packumentCache full:https://registry.npmjs.org/@types%2fms cache-miss
480 silly fetch manifest @types/node@*
481 silly packumentCache full:https://registry.npmjs.org/@types%2fnode cache-miss
482 http fetch GET 200 https://registry.npmjs.org/@types%2fms 202ms (cache miss)
483 silly packumentCache full:https://registry.npmjs.org/@types%2fms set size:undefined disposed:false
484 http fetch GET 200 https://registry.npmjs.org/@types%2fnode 2221ms (cache miss)
485 silly packumentCache full:https://registry.npmjs.org/@types%2fnode set size:undefined disposed:false
486 silly placeDep ROOT @types/ms@2.1.0 OK for: @types/debug@4.1.13 want: *
487 silly placeDep ROOT es-errors@1.3.0 OK for: side-channel@1.1.1 want: ^1.3.0
488 silly placeDep ROOT object-inspect@1.13.4 OK for: side-channel@1.1.1 want: ^1.13.4
489 silly placeDep ROOT side-channel-list@1.0.1 OK for: side-channel@1.1.1 want: ^1.0.1
490 silly placeDep ROOT side-channel-map@1.0.1 OK for: side-channel@1.1.1 want: ^1.0.1
491 silly placeDep ROOT side-channel-weakmap@1.0.2 OK for: side-channel@1.1.1 want: ^1.0.2
492 silly fetch manifest call-bound@^1.0.2
493 silly packumentCache full:https://registry.npmjs.org/call-bound cache-miss
494 silly fetch manifest get-intrinsic@^1.2.5
495 silly packumentCache full:https://registry.npmjs.org/get-intrinsic cache-miss
496 silly fetch manifest call-bound@^1.0.2
497 silly packumentCache full:https://registry.npmjs.org/call-bound cache-miss
498 silly fetch manifest get-intrinsic@^1.2.5
499 silly packumentCache full:https://registry.npmjs.org/get-intrinsic cache-miss
500 http fetch GET 200 https://registry.npmjs.org/get-intrinsic 244ms (cache revalidated)
501 silly packumentCache full:https://registry.npmjs.org/get-intrinsic set size:60985 disposed:false
502 http fetch GET 200 https://registry.npmjs.org/get-intrinsic 254ms (cache revalidated)
503 silly packumentCache full:https://registry.npmjs.org/get-intrinsic set size:60985 disposed:false
504 silly packumentCache full:https://registry.npmjs.org/get-intrinsic dispose
505 http fetch GET 200 https://registry.npmjs.org/call-bound 263ms (cache revalidated)
506 silly packumentCache full:https://registry.npmjs.org/call-bound set size:15317 disposed:false
507 http fetch GET 200 https://registry.npmjs.org/call-bound 265ms (cache revalidated)
508 silly packumentCache full:https://registry.npmjs.org/call-bound set size:15317 disposed:false
509 silly packumentCache full:https://registry.npmjs.org/call-bound dispose
510 silly placeDep ROOT call-bound@1.0.4 OK for: side-channel-map@1.0.1 want: ^1.0.2
511 silly placeDep ROOT get-intrinsic@1.3.0 OK for: side-channel-map@1.0.1 want: ^1.2.5
512 silly fetch manifest call-bind-apply-helpers@^1.0.2
513 silly packumentCache full:https://registry.npmjs.org/call-bind-apply-helpers cache-miss
514 silly fetch manifest get-intrinsic@^1.3.0
515 silly packumentCache full:https://registry.npmjs.org/get-intrinsic cache-hit
516 silly fetch manifest gopd@^1.2.0
517 silly packumentCache full:https://registry.npmjs.org/gopd cache-miss
518 silly fetch manifest hasown@^2.0.2
519 silly packumentCache full:https://registry.npmjs.org/hasown cache-miss
520 silly fetch manifest get-proto@^1.0.1
521 silly packumentCache full:https://registry.npmjs.org/get-proto cache-miss
522 silly fetch manifest has-symbols@^1.1.0
523 silly packumentCache full:https://registry.npmjs.org/has-symbols cache-miss
524 silly fetch manifest function-bind@^1.1.2
525 silly packumentCache full:https://registry.npmjs.org/function-bind cache-miss
526 silly fetch manifest es-object-atoms@^1.1.1
527 silly packumentCache full:https://registry.npmjs.org/es-object-atoms cache-miss
528 http fetch GET 200 https://registry.npmjs.org/gopd 244ms (cache revalidated)
529 silly packumentCache full:https://registry.npmjs.org/gopd set size:11483 disposed:false
530 silly fetch manifest math-intrinsics@^1.1.0
531 silly packumentCache full:https://registry.npmjs.org/math-intrinsics cache-miss
532 http fetch GET 200 https://registry.npmjs.org/call-bind-apply-helpers 264ms (cache revalidated)
533 silly packumentCache full:https://registry.npmjs.org/call-bind-apply-helpers set size:12744 disposed:false
534 http fetch GET 200 https://registry.npmjs.org/get-proto 272ms (cache revalidated)
535 silly packumentCache full:https://registry.npmjs.org/get-proto set size:8300 disposed:false
536 http fetch GET 200 https://registry.npmjs.org/has-symbols 321ms (cache revalidated)
537 silly packumentCache full:https://registry.npmjs.org/has-symbols set size:21550 disposed:false
538 http fetch GET 200 https://registry.npmjs.org/hasown 331ms (cache revalidated)
539 silly packumentCache full:https://registry.npmjs.org/hasown set size:18361 disposed:false
540 http fetch GET 200 https://registry.npmjs.org/es-object-atoms 328ms (cache revalidated)
541 silly packumentCache full:https://registry.npmjs.org/es-object-atoms set size:18278 disposed:false
542 http fetch GET 200 https://registry.npmjs.org/function-bind 341ms (cache revalidated)
543 silly packumentCache full:https://registry.npmjs.org/function-bind set size:15733 disposed:false
544 http fetch GET 200 https://registry.npmjs.org/math-intrinsics 230ms (cache revalidated)
545 silly packumentCache full:https://registry.npmjs.org/math-intrinsics set size:9265 disposed:false
546 silly placeDep ROOT call-bind-apply-helpers@1.0.2 OK for: call-bound@1.0.4 want: ^1.0.2
547 silly placeDep ROOT function-bind@1.1.2 OK for: call-bind-apply-helpers@1.0.2 want: ^1.1.2
548 silly placeDep ROOT es-object-atoms@1.1.2 OK for: get-intrinsic@1.3.0 want: ^1.1.1
549 silly placeDep ROOT get-proto@1.0.1 OK for: get-intrinsic@1.3.0 want: ^1.0.1
550 silly placeDep ROOT gopd@1.2.0 OK for: get-intrinsic@1.3.0 want: ^1.2.0
551 silly placeDep ROOT has-symbols@1.1.0 OK for: get-intrinsic@1.3.0 want: ^1.1.0
552 silly placeDep ROOT hasown@2.0.4 OK for: get-intrinsic@1.3.0 want: ^2.0.2
553 silly placeDep ROOT math-intrinsics@1.1.0 OK for: get-intrinsic@1.3.0 want: ^1.1.0
554 silly fetch manifest dunder-proto@^1.0.1
555 silly packumentCache full:https://registry.npmjs.org/dunder-proto cache-miss
556 http fetch GET 200 https://registry.npmjs.org/dunder-proto 215ms (cache revalidated)
557 silly packumentCache full:https://registry.npmjs.org/dunder-proto set size:8256 disposed:false
558 silly placeDep ROOT dunder-proto@1.0.1 OK for: get-proto@1.0.1 want: ^1.0.1
559 silly placeDep ROOT bindings@1.5.0 OK for: sqlite3@6.0.1 want: ^1.5.0
560 silly placeDep ROOT node-addon-api@8.9.2 OK for: sqlite3@6.0.1 want: ^8.0.0
561 silly placeDep ROOT node-gyp@12.4.0 OK for: sqlite3@6.0.1 want: 12.x
562 silly placeDep ROOT prebuild-install@7.1.3 OK for: sqlite3@6.0.1 want: ^7.1.3
563 silly placeDep ROOT tar@7.5.22 OK for: sqlite3@6.0.1 want: ^7.5.10
564 silly fetch manifest file-uri-to-path@1.0.0
565 silly packumentCache full:https://registry.npmjs.org/file-uri-to-path cache-miss
566 silly fetch manifest tar@^7.5.4
567 silly packumentCache full:https://registry.npmjs.org/tar cache-miss
568 silly fetch manifest nopt@^9.0.0
569 silly packumentCache full:https://registry.npmjs.org/nopt cache-miss
570 silly fetch manifest which@^6.0.0
571 silly packumentCache full:https://registry.npmjs.org/which cache-miss
572 silly fetch manifest undici@^6.25.0
573 silly packumentCache full:https://registry.npmjs.org/undici cache-miss
574 silly fetch manifest proc-log@^6.0.0
575 silly packumentCache full:https://registry.npmjs.org/proc-log cache-miss
576 silly fetch manifest env-paths@^2.2.0
577 silly packumentCache full:https://registry.npmjs.org/env-paths cache-miss
578 http cache https://registry.npmjs.org/tar 64ms (cache hit)
579 silly packumentCache full:https://registry.npmjs.org/tar set size:591769 disposed:false
580 silly fetch manifest tinyglobby@^0.2.12
581 silly packumentCache full:https://registry.npmjs.org/tinyglobby cache-miss
582 http fetch GET 200 https://registry.npmjs.org/file-uri-to-path 304ms (cache miss)
583 silly packumentCache full:https://registry.npmjs.org/file-uri-to-path set size:undefined disposed:false
584 silly fetch manifest graceful-fs@^4.2.6
585 silly packumentCache full:https://registry.npmjs.org/graceful-fs cache-miss
586 http fetch GET 200 https://registry.npmjs.org/which 332ms (cache miss)
587 silly packumentCache full:https://registry.npmjs.org/which set size:undefined disposed:false
588 silly fetch manifest exponential-backoff@^3.1.1
589 silly packumentCache full:https://registry.npmjs.org/exponential-backoff cache-miss
590 http fetch GET 200 https://registry.npmjs.org/nopt 353ms (cache miss)
591 silly packumentCache full:https://registry.npmjs.org/nopt set size:undefined disposed:false
592 silly fetch manifest rc@^1.2.7
593 silly packumentCache full:https://registry.npmjs.org/rc cache-miss
594 http fetch GET 200 https://registry.npmjs.org/proc-log 376ms (cache miss)
595 silly packumentCache full:https://registry.npmjs.org/proc-log set size:undefined disposed:false
596 silly fetch manifest pump@^3.0.0
597 silly packumentCache full:https://registry.npmjs.org/pump cache-miss
598 http fetch GET 200 https://registry.npmjs.org/env-paths 406ms (cache miss)
599 silly packumentCache full:https://registry.npmjs.org/env-paths set size:undefined disposed:false
600 silly fetch manifest tar-fs@^2.0.0
601 silly packumentCache full:https://registry.npmjs.org/tar-fs cache-miss
602 http fetch GET 200 https://registry.npmjs.org/tinyglobby 337ms (cache miss)
603 silly packumentCache full:https://registry.npmjs.org/tinyglobby set size:undefined disposed:false
604 silly fetch manifest minimist@^1.2.3
605 silly packumentCache full:https://registry.npmjs.org/minimist cache-miss
606 http fetch GET 200 https://registry.npmjs.org/graceful-fs 194ms (cache miss)
607 silly packumentCache full:https://registry.npmjs.org/graceful-fs set size:undefined disposed:false
608 silly fetch manifest node-abi@^3.3.0
609 silly packumentCache full:https://registry.npmjs.org/node-abi cache-miss
610 http fetch GET 200 https://registry.npmjs.org/pump 217ms (cache miss)
611 silly packumentCache full:https://registry.npmjs.org/pump set size:undefined disposed:false
612 silly fetch manifest simple-get@^4.0.0
613 silly packumentCache full:https://registry.npmjs.org/simple-get cache-miss
614 http fetch GET 200 https://registry.npmjs.org/exponential-backoff 280ms (cache miss)
615 silly packumentCache full:https://registry.npmjs.org/exponential-backoff set size:undefined disposed:false
616 silly fetch manifest detect-libc@^2.0.0
617 silly packumentCache full:https://registry.npmjs.org/detect-libc cache-miss
618 http fetch GET 200 https://registry.npmjs.org/rc 302ms (cache miss)
619 silly packumentCache full:https://registry.npmjs.org/rc set size:undefined disposed:false
620 silly fetch manifest tunnel-agent@^0.6.0
621 silly packumentCache full:https://registry.npmjs.org/tunnel-agent cache-miss
622 http fetch GET 200 https://registry.npmjs.org/undici 679ms (cache miss)
623 silly packumentCache full:https://registry.npmjs.org/undici set size:undefined disposed:false
624 silly fetch manifest mkdirp-classic@^0.5.3
625 silly packumentCache full:https://registry.npmjs.org/mkdirp-classic cache-miss
626 http fetch GET 200 https://registry.npmjs.org/minimist 398ms (cache miss)
627 silly packumentCache full:https://registry.npmjs.org/minimist set size:undefined disposed:false
628 silly fetch manifest expand-template@^2.0.3
629 silly packumentCache full:https://registry.npmjs.org/expand-template cache-miss
630 http fetch GET 200 https://registry.npmjs.org/tar-fs 445ms (cache miss)
631 silly packumentCache full:https://registry.npmjs.org/tar-fs set size:undefined disposed:false
632 silly fetch manifest napi-build-utils@^2.0.0
633 silly packumentCache full:https://registry.npmjs.org/napi-build-utils cache-miss
634 http fetch GET 200 https://registry.npmjs.org/simple-get 278ms (cache miss)
635 silly packumentCache full:https://registry.npmjs.org/simple-get set size:undefined disposed:false
636 silly fetch manifest github-from-package@0.0.0
637 silly packumentCache full:https://registry.npmjs.org/github-from-package cache-miss
638 http fetch GET 200 https://registry.npmjs.org/detect-libc 288ms (cache miss)
639 silly packumentCache full:https://registry.npmjs.org/detect-libc set size:undefined disposed:false
640 silly fetch manifest chownr@^3.0.0
641 silly packumentCache full:https://registry.npmjs.org/chownr cache-miss
642 http fetch GET 200 https://registry.npmjs.org/node-abi 429ms (cache miss)
643 silly packumentCache full:https://registry.npmjs.org/node-abi set size:undefined disposed:false
644 silly fetch manifest yallist@^5.0.0
645 silly packumentCache full:https://registry.npmjs.org/yallist cache-miss
646 http fetch GET 200 https://registry.npmjs.org/tunnel-agent 340ms (cache miss)
647 silly packumentCache full:https://registry.npmjs.org/tunnel-agent set size:undefined disposed:false
648 silly fetch manifest minipass@^7.1.2
649 silly packumentCache full:https://registry.npmjs.org/minipass cache-miss
650 http fetch GET 200 https://registry.npmjs.org/mkdirp-classic 275ms (cache miss)
651 silly packumentCache full:https://registry.npmjs.org/mkdirp-classic set size:undefined disposed:false
652 silly fetch manifest minizlib@^3.1.0
653 silly packumentCache full:https://registry.npmjs.org/minizlib cache-miss
654 http fetch GET 200 https://registry.npmjs.org/github-from-package 239ms (cache miss)
655 silly packumentCache full:https://registry.npmjs.org/github-from-package set size:undefined disposed:false
656 silly fetch manifest @isaacs/fs-minipass@^4.0.0
657 silly packumentCache full:https://registry.npmjs.org/@isaacs%2ffs-minipass cache-miss
658 http fetch GET 200 https://registry.npmjs.org/expand-template 322ms (cache miss)
659 silly packumentCache full:https://registry.npmjs.org/expand-template set size:undefined disposed:false
660 http fetch GET 200 https://registry.npmjs.org/napi-build-utils 315ms (cache miss)
661 silly packumentCache full:https://registry.npmjs.org/napi-build-utils set size:undefined disposed:false
662 http fetch GET 200 https://registry.npmjs.org/chownr 269ms (cache miss)
663 silly packumentCache full:https://registry.npmjs.org/chownr set size:undefined disposed:false
664 http fetch GET 200 https://registry.npmjs.org/yallist 251ms (cache miss)
665 silly packumentCache full:https://registry.npmjs.org/yallist set size:undefined disposed:false
666 http fetch GET 200 https://registry.npmjs.org/minizlib 235ms (cache miss)
667 silly packumentCache full:https://registry.npmjs.org/minizlib set size:undefined disposed:false
668 http fetch GET 200 https://registry.npmjs.org/minipass 315ms (cache miss)
669 silly packumentCache full:https://registry.npmjs.org/minipass set size:undefined disposed:false
670 http fetch GET 200 https://registry.npmjs.org/@isaacs%2ffs-minipass 272ms (cache miss)
671 silly packumentCache full:https://registry.npmjs.org/@isaacs%2ffs-minipass set size:undefined disposed:false
672 silly placeDep ROOT file-uri-to-path@1.0.0 OK for: bindings@1.5.0 want: 1.0.0
673 silly placeDep ROOT env-paths@2.2.1 OK for: node-gyp@12.4.0 want: ^2.2.0
674 silly placeDep ROOT exponential-backoff@3.1.3 OK for: node-gyp@12.4.0 want: ^3.1.1
675 silly placeDep ROOT graceful-fs@4.2.11 OK for: node-gyp@12.4.0 want: ^4.2.6
676 silly placeDep ROOT nopt@9.0.0 OK for: node-gyp@12.4.0 want: ^9.0.0
677 silly placeDep ROOT proc-log@6.1.0 OK for: node-gyp@12.4.0 want: ^6.0.0
678 silly placeDep ROOT tinyglobby@0.2.17 OK for: node-gyp@12.4.0 want: ^0.2.12
679 silly placeDep ROOT undici@6.28.0 OK for: node-gyp@12.4.0 want: ^6.25.0
680 silly placeDep ROOT which@6.0.1 OK for: node-gyp@12.4.0 want: ^6.0.0
681 silly fetch manifest abbrev@^4.0.0
682 silly packumentCache full:https://registry.npmjs.org/abbrev cache-miss
683 silly fetch manifest fdir@^6.5.0
684 silly packumentCache full:https://registry.npmjs.org/fdir cache-miss
685 silly fetch manifest picomatch@^4.0.4
686 silly packumentCache full:https://registry.npmjs.org/picomatch cache-miss
687 silly fetch manifest isexe@^4.0.0
688 silly packumentCache full:https://registry.npmjs.org/isexe cache-miss
689 http fetch GET 200 https://registry.npmjs.org/isexe 267ms (cache miss)
690 silly packumentCache full:https://registry.npmjs.org/isexe set size:undefined disposed:false
691 http fetch GET 200 https://registry.npmjs.org/abbrev 285ms (cache miss)
692 silly packumentCache full:https://registry.npmjs.org/abbrev set size:undefined disposed:false
693 http fetch GET 200 https://registry.npmjs.org/picomatch 295ms (cache revalidated)
694 silly packumentCache full:https://registry.npmjs.org/picomatch set size:128942 disposed:false
695 http fetch GET 200 https://registry.npmjs.org/fdir 324ms (cache miss)
696 silly packumentCache full:https://registry.npmjs.org/fdir set size:undefined disposed:false
697 silly placeDep ROOT abbrev@4.0.0 OK for: nopt@9.0.0 want: ^4.0.0
698 silly placeDep ROOT detect-libc@2.1.2 OK for: prebuild-install@7.1.3 want: ^2.0.0
699 silly placeDep ROOT expand-template@2.0.3 OK for: prebuild-install@7.1.3 want: ^2.0.3
700 silly placeDep ROOT github-from-package@0.0.0 OK for: prebuild-install@7.1.3 want: 0.0.0
701 silly placeDep ROOT minimist@1.2.8 OK for: prebuild-install@7.1.3 want: ^1.2.3
702 silly placeDep ROOT mkdirp-classic@0.5.3 OK for: prebuild-install@7.1.3 want: ^0.5.3
703 silly placeDep ROOT napi-build-utils@2.0.0 OK for: prebuild-install@7.1.3 want: ^2.0.0
704 silly placeDep ROOT node-abi@3.94.0 OK for: prebuild-install@7.1.3 want: ^3.3.0
705 silly placeDep ROOT pump@3.0.4 OK for: prebuild-install@7.1.3 want: ^3.0.0
706 silly placeDep ROOT rc@1.2.8 OK for: prebuild-install@7.1.3 want: ^1.2.7
707 silly placeDep ROOT simple-get@4.0.1 OK for: prebuild-install@7.1.3 want: ^4.0.0
708 silly placeDep ROOT tar-fs@2.1.5 OK for: prebuild-install@7.1.3 want: ^2.0.0
709 silly placeDep ROOT tunnel-agent@0.6.0 OK for: prebuild-install@7.1.3 want: ^0.6.0
710 silly fetch manifest end-of-stream@^1.1.0
711 silly packumentCache full:https://registry.npmjs.org/end-of-stream cache-miss
712 silly fetch manifest ini@~1.3.0
713 silly packumentCache full:https://registry.npmjs.org/ini cache-miss
714 silly fetch manifest deep-extend@^0.6.0
715 silly packumentCache full:https://registry.npmjs.org/deep-extend cache-miss
716 silly fetch manifest strip-json-comments@~2.0.1
717 silly packumentCache full:https://registry.npmjs.org/strip-json-comments cache-miss
718 silly fetch manifest decompress-response@^6.0.0
719 silly packumentCache full:https://registry.npmjs.org/decompress-response cache-miss
720 silly fetch manifest simple-concat@^1.0.0
721 silly packumentCache full:https://registry.npmjs.org/simple-concat cache-miss
722 silly fetch manifest chownr@^1.1.1
723 silly packumentCache full:https://registry.npmjs.org/chownr cache-miss
724 http cache https://registry.npmjs.org/chownr 79ms (cache hit)
725 silly packumentCache full:https://registry.npmjs.org/chownr set size:22157 disposed:false
726 silly fetch manifest tar-stream@^2.1.4
727 silly packumentCache full:https://registry.npmjs.org/tar-stream cache-miss
728 http fetch GET 200 https://registry.npmjs.org/deep-extend 282ms (cache miss)
729 silly packumentCache full:https://registry.npmjs.org/deep-extend set size:undefined disposed:false
730 http fetch GET 200 https://registry.npmjs.org/simple-concat 283ms (cache miss)
731 silly packumentCache full:https://registry.npmjs.org/simple-concat set size:undefined disposed:false
732 http fetch GET 200 https://registry.npmjs.org/end-of-stream 309ms (cache miss)
733 silly packumentCache full:https://registry.npmjs.org/end-of-stream set size:undefined disposed:false
734 http fetch GET 200 https://registry.npmjs.org/strip-json-comments 310ms (cache miss)
735 silly packumentCache full:https://registry.npmjs.org/strip-json-comments set size:undefined disposed:false
736 http fetch GET 200 https://registry.npmjs.org/decompress-response 314ms (cache miss)
737 silly packumentCache full:https://registry.npmjs.org/decompress-response set size:undefined disposed:false
738 http fetch GET 200 https://registry.npmjs.org/ini 337ms (cache miss)
739 silly packumentCache full:https://registry.npmjs.org/ini set size:undefined disposed:false
740 http fetch GET 200 https://registry.npmjs.org/tar-stream 275ms (cache miss)
741 silly packumentCache full:https://registry.npmjs.org/tar-stream set size:undefined disposed:false
742 silly placeDep ROOT end-of-stream@1.4.5 OK for: pump@3.0.4 want: ^1.1.0
743 silly placeDep ROOT deep-extend@0.6.0 OK for: rc@1.2.8 want: ^0.6.0
744 silly placeDep ROOT ini@1.3.8 OK for: rc@1.2.8 want: ~1.3.0
745 silly placeDep ROOT strip-json-comments@2.0.1 OK for: rc@1.2.8 want: ~2.0.1
746 silly placeDep ROOT decompress-response@6.0.0 OK for: simple-get@4.0.1 want: ^6.0.0
747 silly placeDep ROOT simple-concat@1.0.1 OK for: simple-get@4.0.1 want: ^1.0.0
748 silly fetch manifest mimic-response@^3.1.0
749 silly packumentCache full:https://registry.npmjs.org/mimic-response cache-miss
750 http fetch GET 200 https://registry.npmjs.org/mimic-response 206ms (cache miss)
751 silly packumentCache full:https://registry.npmjs.org/mimic-response set size:undefined disposed:false
752 silly placeDep ROOT mimic-response@3.1.0 OK for: decompress-response@6.0.0 want: ^3.1.0
753 silly placeDep ROOT @isaacs/fs-minipass@4.0.1 OK for: tar@7.5.22 want: ^4.0.0
754 silly placeDep ROOT chownr@3.0.0 OK for: tar@7.5.22 want: ^3.0.0
755 silly placeDep ROOT minipass@7.1.3 OK for: tar@7.5.22 want: ^7.1.2
756 silly placeDep ROOT minizlib@3.1.0 OK for: tar@7.5.22 want: ^3.1.0
757 silly placeDep ROOT yallist@5.0.0 OK for: tar@7.5.22 want: ^5.0.0
758 silly fetch manifest minipass@^7.0.4
759 silly packumentCache full:https://registry.npmjs.org/minipass cache-miss
760 http cache https://registry.npmjs.org/minipass 43ms (cache hit)
761 silly packumentCache full:https://registry.npmjs.org/minipass set size:276925 disposed:false
762 silly placeDep node_modules/tar-fs chownr@1.1.4 OK for: tar-fs@2.1.5 want: ^1.1.1
763 silly placeDep ROOT tar-stream@2.2.0 OK for: tar-fs@2.1.5 want: ^2.1.4
764 silly fetch manifest bl@^4.0.3
765 silly packumentCache full:https://registry.npmjs.org/bl cache-miss
766 silly fetch manifest fs-constants@^1.0.0
767 silly packumentCache full:https://registry.npmjs.org/fs-constants cache-miss
768 silly fetch manifest readable-stream@^3.1.1
769 silly packumentCache full:https://registry.npmjs.org/readable-stream cache-miss
770 http fetch GET 200 https://registry.npmjs.org/fs-constants 222ms (cache miss)
771 silly packumentCache full:https://registry.npmjs.org/fs-constants set size:undefined disposed:false
772 http fetch GET 200 https://registry.npmjs.org/readable-stream 233ms (cache miss)
773 silly packumentCache full:https://registry.npmjs.org/readable-stream set size:undefined disposed:false
774 http fetch GET 200 https://registry.npmjs.org/bl 301ms (cache miss)
775 silly packumentCache full:https://registry.npmjs.org/bl set size:undefined disposed:false
776 silly placeDep ROOT bl@4.1.0 OK for: tar-stream@2.2.0 want: ^4.0.3
777 silly placeDep ROOT fs-constants@1.0.0 OK for: tar-stream@2.2.0 want: ^1.0.0
778 silly placeDep ROOT readable-stream@3.6.2 OK for: tar-stream@2.2.0 want: ^3.1.1
779 silly fetch manifest buffer@^5.5.0
780 silly packumentCache full:https://registry.npmjs.org/buffer cache-miss
781 silly fetch manifest readable-stream@^3.4.0
782 silly packumentCache full:https://registry.npmjs.org/readable-stream cache-miss
783 silly fetch manifest string_decoder@^1.1.1
784 silly packumentCache full:https://registry.npmjs.org/string_decoder cache-miss
785 silly fetch manifest util-deprecate@^1.0.1
786 silly packumentCache full:https://registry.npmjs.org/util-deprecate cache-miss
787 http cache https://registry.npmjs.org/readable-stream 58ms (cache hit)
788 silly packumentCache full:https://registry.npmjs.org/readable-stream set size:261096 disposed:false
789 http fetch GET 200 https://registry.npmjs.org/string_decoder 220ms (cache miss)
790 silly packumentCache full:https://registry.npmjs.org/string_decoder set size:undefined disposed:false
791 http fetch GET 200 https://registry.npmjs.org/util-deprecate 321ms (cache miss)
792 silly packumentCache full:https://registry.npmjs.org/util-deprecate set size:undefined disposed:false
793 http fetch GET 200 https://registry.npmjs.org/buffer 356ms (cache miss)
794 silly packumentCache full:https://registry.npmjs.org/buffer set size:undefined disposed:false
795 silly placeDep ROOT buffer@5.7.1 OK for: bl@4.1.0 want: ^5.5.0
796 silly fetch manifest base64-js@^1.3.1
797 silly packumentCache full:https://registry.npmjs.org/base64-js cache-miss
798 silly fetch manifest ieee754@^1.1.13
799 silly packumentCache full:https://registry.npmjs.org/ieee754 cache-miss
800 http fetch GET 200 https://registry.npmjs.org/ieee754 219ms (cache miss)
801 silly packumentCache full:https://registry.npmjs.org/ieee754 set size:undefined disposed:false
802 http fetch GET 200 https://registry.npmjs.org/base64-js 226ms (cache miss)
803 silly packumentCache full:https://registry.npmjs.org/base64-js set size:undefined disposed:false
804 silly placeDep ROOT base64-js@1.5.1 OK for: buffer@5.7.1 want: ^1.3.1
805 silly placeDep ROOT ieee754@1.2.1 OK for: buffer@5.7.1 want: ^1.1.13
806 silly placeDep ROOT string_decoder@1.3.0 OK for: readable-stream@3.6.2 want: ^1.1.1
807 silly placeDep ROOT util-deprecate@1.0.2 OK for: readable-stream@3.6.2 want: ^1.0.1
808 silly placeDep ROOT fdir@6.5.0 OK for: tinyglobby@0.2.17 want: ^6.5.0
809 silly placeDep ROOT picomatch@4.0.5 OK for: tinyglobby@0.2.17 want: ^4.0.4
810 silly placeDep node_modules/type-is content-type@2.1.0 OK for: type-is@2.1.0 want: ^2.0.0
811 silly placeDep ROOT media-typer@1.1.1 OK for: type-is@2.1.0 want: ^1.1.0
812 silly placeDep ROOT isexe@4.0.0 OK for: which@6.0.1 want: ^4.0.0
813 silly placeDep ROOT @types/node@26.2.0 OK for: wkx@0.5.0 want: *
814 silly fetch manifest undici-types@~8.3.0
815 silly packumentCache full:https://registry.npmjs.org/undici-types cache-miss
816 http fetch GET 200 https://registry.npmjs.org/undici-types 195ms (cache miss)
817 silly packumentCache full:https://registry.npmjs.org/undici-types set size:undefined disposed:false
818 silly placeDep ROOT undici-types@8.3.0 OK for: @types/node@26.2.0 want: ~8.3.0
819 silly reify moves {}
820 silly audit bulk request {
820 silly audit   bcryptjs: [ '3.0.3' ],
820 silly audit   dotenv: [ '17.4.2' ],
820 silly audit   express: [ '5.2.1' ],
820 silly audit   jsonwebtoken: [ '9.0.3' ],
820 silly audit   sequelize: [ '6.37.8' ],
820 silly audit   sqlite3: [ '6.0.1' ],
820 silly audit   accepts: [ '2.0.0' ],
820 silly audit   'body-parser': [ '2.3.0' ],
820 silly audit   'content-disposition': [ '1.1.0' ],
820 silly audit   'content-type': [ '1.0.5', '2.1.0' ],
820 silly audit   cookie: [ '0.7.2' ],
820 silly audit   'cookie-signature': [ '1.2.2' ],
820 silly audit   debug: [ '4.4.3' ],
820 silly audit   depd: [ '2.0.0' ],
820 silly audit   encodeurl: [ '2.0.0' ],
820 silly audit   'escape-html': [ '1.0.3' ],
820 silly audit   etag: [ '1.8.1' ],
820 silly audit   finalhandler: [ '2.1.1' ],
820 silly audit   fresh: [ '2.0.0' ],
820 silly audit   'http-errors': [ '2.0.1' ],
820 silly audit   'merge-descriptors': [ '2.0.0' ],
820 silly audit   'mime-types': [ '3.0.2' ],
820 silly audit   'on-finished': [ '2.4.1' ],
820 silly audit   once: [ '1.4.0' ],
820 silly audit   parseurl: [ '1.3.3' ],
820 silly audit   'proxy-addr': [ '2.0.7' ],
820 silly audit   qs: [ '6.15.3' ],
820 silly audit   'range-parser': [ '1.3.0' ],
820 silly audit   router: [ '2.2.0' ],
820 silly audit   send: [ '1.2.1' ],
820 silly audit   'serve-static': [ '2.2.1' ],
820 silly audit   statuses: [ '2.0.2' ],
820 silly audit   'type-is': [ '2.1.0' ],
820 silly audit   vary: [ '1.1.2' ],
820 silly audit   negotiator: [ '1.0.0' ],
820 silly audit   bytes: [ '3.1.2' ],
820 silly audit   'iconv-lite': [ '0.7.3' ],
820 silly audit   'raw-body': [ '3.0.2' ],
820 silly audit   ms: [ '2.1.3' ],
820 silly audit   inherits: [ '2.0.4' ],
820 silly audit   setprototypeof: [ '1.2.0' ],
820 silly audit   toidentifier: [ '1.0.1' ],
820 silly audit   'safer-buffer': [ '2.1.2' ],
820 silly audit   jws: [ '4.0.1' ],
820 silly audit   'lodash.includes': [ '4.3.0' ],
820 silly audit   'lodash.isboolean': [ '3.0.3' ],
820 silly audit   'lodash.isinteger': [ '4.0.4' ],
820 silly audit   'lodash.isnumber': [ '3.0.3' ],
820 silly audit   'lodash.isplainobject': [ '4.0.6' ],
820 silly audit   'lodash.isstring': [ '4.0.1' ],
820 silly audit   'lodash.once': [ '4.1.1' ],
820 silly audit   semver: [ '7.8.5' ],
820 silly audit   jwa: [ '2.0.1' ],
820 silly audit   'safe-buffer': [ '5.2.1' ],
820 silly audit   'buffer-equal-constant-time': [ '1.0.1' ],
820 silly audit   'ecdsa-sig-formatter': [ '1.0.11' ],
820 silly audit   'mime-db': [ '1.54.0' ],
820 silly audit   'ee-first': [ '1.1.1' ],
820 silly audit   wrappy: [ '1.0.2' ],
820 silly audit   forwarded: [ '0.2.0' ],
820 silly audit   'ipaddr.js': [ '1.9.1' ],
820 silly audit   'es-define-property': [ '1.0.1' ],
820 silly audit   'side-channel': [ '1.1.1' ],
820 silly audit   unpipe: [ '1.0.0' ],
820 silly audit   'is-promise': [ '4.0.0' ],
820 silly audit   'path-to-regexp': [ '8.4.2' ],
820 silly audit   '@types/debug': [ '4.1.13' ],
820 silly audit   '@types/validator': [ '13.15.10' ],
820 silly audit   dottie: [ '2.0.7' ],
820 silly audit   inflection: [ '1.13.4' ],
820 silly audit   lodash: [ '4.18.1' ],
820 silly audit   moment: [ '2.30.1' ],
820 silly audit   'moment-timezone': [ '0.5.48' ],
820 silly audit   'pg-connection-string': [ '2.14.0' ],
820 silly audit   'retry-as-promised': [ '7.1.1' ],
820 silly audit   'sequelize-pool': [ '7.1.0' ],
820 silly audit   'toposort-class': [ '1.0.1' ],
820 silly audit   uuid: [ '8.3.2' ],
820 silly audit   validator: [ '13.15.35' ],
820 silly audit   wkx: [ '0.5.0' ],
820 silly audit   '@types/ms': [ '2.1.0' ],
820 silly audit   'es-errors': [ '1.3.0' ],
820 silly audit   'object-inspect': [ '1.13.4' ],
820 silly audit   'side-channel-list': [ '1.0.1' ],
820 silly audit   'side-channel-map': [ '1.0.1' ],
820 silly audit   'side-channel-weakmap': [ '1.0.2' ],
820 silly audit   'call-bound': [ '1.0.4' ],
820 silly audit   'get-intrinsic': [ '1.3.0' ],
820 silly audit   'call-bind-apply-helpers': [ '1.0.2' ],
820 silly audit   'function-bind': [ '1.1.2' ],
820 silly audit   'es-object-atoms': [ '1.1.2' ],
820 silly audit   'get-proto': [ '1.0.1' ],
820 silly audit   gopd: [ '1.2.0' ],
820 silly audit   'has-symbols': [ '1.1.0' ],
820 silly audit   hasown: [ '2.0.4' ],
820 silly audit   'math-intrinsics': [ '1.1.0' ],
820 silly audit   'dunder-proto': [ '1.0.1' ],
820 silly audit   bindings: [ '1.5.0' ],
820 silly audit   'node-addon-api': [ '8.9.2' ],
820 silly audit   'node-gyp': [ '12.4.0' ],
820 silly audit   'prebuild-install': [ '7.1.3' ],
820 silly audit   tar: [ '7.5.22' ],
820 silly audit   'file-uri-to-path': [ '1.0.0' ],
820 silly audit   'env-paths': [ '2.2.1' ],
820 silly audit   'exponential-backoff': [ '3.1.3' ],
820 silly audit   'graceful-fs': [ '4.2.11' ],
820 silly audit   nopt: [ '9.0.0' ],
820 silly audit   'proc-log': [ '6.1.0' ],
820 silly audit   tinyglobby: [ '0.2.17' ],
820 silly audit   undici: [ '6.28.0' ],
820 silly audit   which: [ '6.0.1' ],
820 silly audit   abbrev: [ '4.0.0' ],
820 silly audit   'detect-libc': [ '2.1.2' ],
820 silly audit   'expand-template': [ '2.0.3' ],
820 silly audit   'github-from-package': [ '0.0.0' ],
820 silly audit   minimist: [ '1.2.8' ],
820 silly audit   'mkdirp-classic': [ '0.5.3' ],
820 silly audit   'napi-build-utils': [ '2.0.0' ],
820 silly audit   'node-abi': [ '3.94.0' ],
820 silly audit   pump: [ '3.0.4' ],
820 silly audit   rc: [ '1.2.8' ],
820 silly audit   'simple-get': [ '4.0.1' ],
820 silly audit   'tar-fs': [ '2.1.5' ],
820 silly audit   'tunnel-agent': [ '0.6.0' ],
820 silly audit   'end-of-stream': [ '1.4.5' ],
820 silly audit   'deep-extend': [ '0.6.0' ],
820 silly audit   ini: [ '1.3.8' ],
820 silly audit   'strip-json-comments': [ '2.0.1' ],
820 silly audit   'decompress-response': [ '6.0.0' ],
820 silly audit   'simple-concat': [ '1.0.1' ],
820 silly audit   'mimic-response': [ '3.1.0' ],
820 silly audit   '@isaacs/fs-minipass': [ '4.0.1' ],
820 silly audit   chownr: [ '3.0.0', '1.1.4' ],
820 silly audit   minipass: [ '7.1.3' ],
820 silly audit   minizlib: [ '3.1.0' ],
820 silly audit   yallist: [ '5.0.0' ],
820 silly audit   'tar-stream': [ '2.2.0' ],
820 silly audit   bl: [ '4.1.0' ],
820 silly audit   'fs-constants': [ '1.0.0' ],
820 silly audit   'readable-stream': [ '3.6.2' ],
820 silly audit   buffer: [ '5.7.1' ],
820 silly audit   'base64-js': [ '1.5.1' ],
820 silly audit   ieee754: [ '1.2.1' ],
820 silly audit   string_decoder: [ '1.3.0' ],
820 silly audit   'util-deprecate': [ '1.0.2' ],
820 silly audit   fdir: [ '6.5.0' ],
820 silly audit   picomatch: [ '4.0.5' ],
820 silly audit   'media-typer': [ '1.1.1' ],
820 silly audit   isexe: [ '4.0.0' ],
820 silly audit   '@types/node': [ '26.2.0' ],
820 silly audit   'undici-types': [ '8.3.0' ]
820 silly audit }
821 http cache isexe@https://registry.npmjs.org/isexe/-/isexe-4.0.0.tgz 0ms (cache hit)
822 http cache undici-types@https://registry.npmjs.org/undici-types/-/undici-types-8.3.0.tgz 0ms (cache hit)
823 http cache @types/node@https://registry.npmjs.org/@types/node/-/node-26.2.0.tgz 0ms (cache hit)
824 http cache media-typer@https://registry.npmjs.org/media-typer/-/media-typer-1.1.1.tgz 0ms (cache hit)
825 http cache picomatch@https://registry.npmjs.org/picomatch/-/picomatch-4.0.5.tgz 1ms (cache hit)
826 http cache fdir@https://registry.npmjs.org/fdir/-/fdir-6.5.0.tgz 0ms (cache hit)
827 http cache string_decoder@https://registry.npmjs.org/string_decoder/-/string_decoder-1.3.0.tgz 0ms (cache hit)
828 http cache util-deprecate@https://registry.npmjs.org/util-deprecate/-/util-deprecate-1.0.2.tgz 0ms (cache hit)
829 http cache ieee754@https://registry.npmjs.org/ieee754/-/ieee754-1.2.1.tgz 0ms (cache hit)
830 http cache base64-js@https://registry.npmjs.org/base64-js/-/base64-js-1.5.1.tgz 0ms (cache hit)
831 http cache buffer@https://registry.npmjs.org/buffer/-/buffer-5.7.1.tgz 0ms (cache hit)
832 http cache fs-constants@https://registry.npmjs.org/fs-constants/-/fs-constants-1.0.0.tgz 0ms (cache hit)
833 http cache readable-stream@https://registry.npmjs.org/readable-stream/-/readable-stream-3.6.2.tgz 0ms (cache hit)
834 http cache bl@https://registry.npmjs.org/bl/-/bl-4.1.0.tgz 0ms (cache hit)
835 http cache yallist@https://registry.npmjs.org/yallist/-/yallist-5.0.0.tgz 0ms (cache hit)
836 http cache tar-stream@https://registry.npmjs.org/tar-stream/-/tar-stream-2.2.0.tgz 0ms (cache hit)
837 http cache minizlib@https://registry.npmjs.org/minizlib/-/minizlib-3.1.0.tgz 0ms (cache hit)
838 http cache minipass@https://registry.npmjs.org/minipass/-/minipass-7.1.3.tgz 0ms (cache hit)
839 http cache chownr@https://registry.npmjs.org/chownr/-/chownr-3.0.0.tgz 0ms (cache hit)
840 http cache mimic-response@https://registry.npmjs.org/mimic-response/-/mimic-response-3.1.0.tgz 0ms (cache hit)
841 http cache @isaacs/fs-minipass@https://registry.npmjs.org/@isaacs/fs-minipass/-/fs-minipass-4.0.1.tgz 0ms (cache hit)
842 http cache simple-concat@https://registry.npmjs.org/simple-concat/-/simple-concat-1.0.1.tgz 0ms (cache hit)
843 http cache decompress-response@https://registry.npmjs.org/decompress-response/-/decompress-response-6.0.0.tgz 0ms (cache hit)
844 http cache strip-json-comments@https://registry.npmjs.org/strip-json-comments/-/strip-json-comments-2.0.1.tgz 0ms (cache hit)
845 http cache ini@https://registry.npmjs.org/ini/-/ini-1.3.8.tgz 0ms (cache hit)
846 http cache deep-extend@https://registry.npmjs.org/deep-extend/-/deep-extend-0.6.0.tgz 0ms (cache hit)
847 http cache end-of-stream@https://registry.npmjs.org/end-of-stream/-/end-of-stream-1.4.5.tgz 0ms (cache hit)
848 http cache tunnel-agent@https://registry.npmjs.org/tunnel-agent/-/tunnel-agent-0.6.0.tgz 0ms (cache hit)
849 http cache tar-fs@https://registry.npmjs.org/tar-fs/-/tar-fs-2.1.5.tgz 0ms (cache hit)
850 http cache simple-get@https://registry.npmjs.org/simple-get/-/simple-get-4.0.1.tgz 0ms (cache hit)
851 http cache rc@https://registry.npmjs.org/rc/-/rc-1.2.8.tgz 0ms (cache hit)
852 http cache pump@https://registry.npmjs.org/pump/-/pump-3.0.4.tgz 0ms (cache hit)
853 http cache napi-build-utils@https://registry.npmjs.org/napi-build-utils/-/napi-build-utils-2.0.0.tgz 0ms (cache hit)
854 http cache node-abi@https://registry.npmjs.org/node-abi/-/node-abi-3.94.0.tgz 0ms (cache hit)
855 http cache mkdirp-classic@https://registry.npmjs.org/mkdirp-classic/-/mkdirp-classic-0.5.3.tgz 0ms (cache hit)
856 http cache minimist@https://registry.npmjs.org/minimist/-/minimist-1.2.8.tgz 1ms (cache hit)
857 http cache github-from-package@https://registry.npmjs.org/github-from-package/-/github-from-package-0.0.0.tgz 0ms (cache hit)
858 http cache expand-template@https://registry.npmjs.org/expand-template/-/expand-template-2.0.3.tgz 1ms (cache hit)
859 http cache detect-libc@https://registry.npmjs.org/detect-libc/-/detect-libc-2.1.2.tgz 0ms (cache hit)
860 http cache which@https://registry.npmjs.org/which/-/which-6.0.1.tgz 0ms (cache hit)
861 http cache abbrev@https://registry.npmjs.org/abbrev/-/abbrev-4.0.0.tgz 0ms (cache hit)
862 http cache undici@https://registry.npmjs.org/undici/-/undici-6.28.0.tgz 0ms (cache hit)
863 http cache tinyglobby@https://registry.npmjs.org/tinyglobby/-/tinyglobby-0.2.17.tgz 0ms (cache hit)
864 http cache proc-log@https://registry.npmjs.org/proc-log/-/proc-log-6.1.0.tgz 0ms (cache hit)
865 http cache nopt@https://registry.npmjs.org/nopt/-/nopt-9.0.0.tgz 0ms (cache hit)
866 http cache graceful-fs@https://registry.npmjs.org/graceful-fs/-/graceful-fs-4.2.11.tgz 0ms (cache hit)
867 http cache exponential-backoff@https://registry.npmjs.org/exponential-backoff/-/exponential-backoff-3.1.3.tgz 0ms (cache hit)
868 http cache env-paths@https://registry.npmjs.org/env-paths/-/env-paths-2.2.1.tgz 0ms (cache hit)
869 http cache file-uri-to-path@https://registry.npmjs.org/file-uri-to-path/-/file-uri-to-path-1.0.0.tgz 0ms (cache hit)
870 http cache tar@https://registry.npmjs.org/tar/-/tar-7.5.22.tgz 0ms (cache hit)
871 http cache prebuild-install@https://registry.npmjs.org/prebuild-install/-/prebuild-install-7.1.3.tgz 0ms (cache hit)
872 http cache node-gyp@https://registry.npmjs.org/node-gyp/-/node-gyp-12.4.0.tgz 0ms (cache hit)
873 http cache node-addon-api@https://registry.npmjs.org/node-addon-api/-/node-addon-api-8.9.2.tgz 0ms (cache hit)
874 http cache bindings@https://registry.npmjs.org/bindings/-/bindings-1.5.0.tgz 0ms (cache hit)
875 http cache dunder-proto@https://registry.npmjs.org/dunder-proto/-/dunder-proto-1.0.1.tgz 0ms (cache hit)
876 http cache math-intrinsics@https://registry.npmjs.org/math-intrinsics/-/math-intrinsics-1.1.0.tgz 0ms (cache hit)
877 http cache hasown@https://registry.npmjs.org/hasown/-/hasown-2.0.4.tgz 0ms (cache hit)
878 http cache has-symbols@https://registry.npmjs.org/has-symbols/-/has-symbols-1.1.0.tgz 0ms (cache hit)
879 http cache gopd@https://registry.npmjs.org/gopd/-/gopd-1.2.0.tgz 0ms (cache hit)
880 http cache get-proto@https://registry.npmjs.org/get-proto/-/get-proto-1.0.1.tgz 0ms (cache hit)
881 http cache es-object-atoms@https://registry.npmjs.org/es-object-atoms/-/es-object-atoms-1.1.2.tgz 0ms (cache hit)
882 http cache function-bind@https://registry.npmjs.org/function-bind/-/function-bind-1.1.2.tgz 0ms (cache hit)
883 http cache call-bind-apply-helpers@https://registry.npmjs.org/call-bind-apply-helpers/-/call-bind-apply-helpers-1.0.2.tgz 0ms (cache hit)
884 http cache get-intrinsic@https://registry.npmjs.org/get-intrinsic/-/get-intrinsic-1.3.0.tgz 0ms (cache hit)
885 http cache call-bound@https://registry.npmjs.org/call-bound/-/call-bound-1.0.4.tgz 0ms (cache hit)
886 http cache side-channel-weakmap@https://registry.npmjs.org/side-channel-weakmap/-/side-channel-weakmap-1.0.2.tgz 0ms (cache hit)
887 http cache side-channel-map@https://registry.npmjs.org/side-channel-map/-/side-channel-map-1.0.1.tgz 0ms (cache hit)
888 http cache es-errors@https://registry.npmjs.org/es-errors/-/es-errors-1.3.0.tgz 0ms (cache hit)
889 http cache wkx@https://registry.npmjs.org/wkx/-/wkx-0.5.0.tgz 0ms (cache hit)
890 http cache @types/ms@https://registry.npmjs.org/@types/ms/-/ms-2.1.0.tgz 0ms (cache hit)
891 http cache validator@https://registry.npmjs.org/validator/-/validator-13.15.35.tgz 0ms (cache hit)
892 http cache uuid@https://registry.npmjs.org/uuid/-/uuid-8.3.2.tgz 0ms (cache hit)
893 http cache object-inspect@https://registry.npmjs.org/object-inspect/-/object-inspect-1.13.4.tgz 0ms (cache hit)
894 http cache toposort-class@https://registry.npmjs.org/toposort-class/-/toposort-class-1.0.1.tgz 0ms (cache hit)
895 http cache sequelize-pool@https://registry.npmjs.org/sequelize-pool/-/sequelize-pool-7.1.0.tgz 0ms (cache hit)
896 http cache pg-connection-string@https://registry.npmjs.org/pg-connection-string/-/pg-connection-string-2.14.0.tgz 0ms (cache hit)
897 http cache retry-as-promised@https://registry.npmjs.org/retry-as-promised/-/retry-as-promised-7.1.1.tgz 0ms (cache hit)
898 http cache moment-timezone@https://registry.npmjs.org/moment-timezone/-/moment-timezone-0.5.48.tgz 0ms (cache hit)
899 http cache moment@https://registry.npmjs.org/moment/-/moment-2.30.1.tgz 0ms (cache hit)
900 http cache side-channel-list@https://registry.npmjs.org/side-channel-list/-/side-channel-list-1.0.1.tgz 0ms (cache hit)
901 http cache lodash@https://registry.npmjs.org/lodash/-/lodash-4.18.1.tgz 0ms (cache hit)
902 http cache inflection@https://registry.npmjs.org/inflection/-/inflection-1.13.4.tgz 0ms (cache hit)
903 http cache dottie@https://registry.npmjs.org/dottie/-/dottie-2.0.7.tgz 0ms (cache hit)
904 http cache @types/debug@https://registry.npmjs.org/@types/debug/-/debug-4.1.13.tgz 0ms (cache hit)
905 http cache path-to-regexp@https://registry.npmjs.org/path-to-regexp/-/path-to-regexp-8.4.2.tgz 0ms (cache hit)
906 http cache @types/validator@https://registry.npmjs.org/@types/validator/-/validator-13.15.10.tgz 0ms (cache hit)
907 http cache is-promise@https://registry.npmjs.org/is-promise/-/is-promise-4.0.0.tgz 0ms (cache hit)
908 http cache unpipe@https://registry.npmjs.org/unpipe/-/unpipe-1.0.0.tgz 0ms (cache hit)
909 http cache side-channel@https://registry.npmjs.org/side-channel/-/side-channel-1.1.1.tgz 1ms (cache hit)
910 http cache es-define-property@https://registry.npmjs.org/es-define-property/-/es-define-property-1.0.1.tgz 0ms (cache hit)
911 http cache ipaddr.js@https://registry.npmjs.org/ipaddr.js/-/ipaddr.js-1.9.1.tgz 0ms (cache hit)
912 http cache forwarded@https://registry.npmjs.org/forwarded/-/forwarded-0.2.0.tgz 0ms (cache hit)
913 http cache wrappy@https://registry.npmjs.org/wrappy/-/wrappy-1.0.2.tgz 0ms (cache hit)
914 http cache ee-first@https://registry.npmjs.org/ee-first/-/ee-first-1.1.1.tgz 0ms (cache hit)
915 http cache mime-db@https://registry.npmjs.org/mime-db/-/mime-db-1.54.0.tgz 0ms (cache hit)
916 http cache ecdsa-sig-formatter@https://registry.npmjs.org/ecdsa-sig-formatter/-/ecdsa-sig-formatter-1.0.11.tgz 0ms (cache hit)
917 http cache buffer-equal-constant-time@https://registry.npmjs.org/buffer-equal-constant-time/-/buffer-equal-constant-time-1.0.1.tgz 0ms (cache hit)
918 http cache safe-buffer@https://registry.npmjs.org/safe-buffer/-/safe-buffer-5.2.1.tgz 0ms (cache hit)
919 http cache jwa@https://registry.npmjs.org/jwa/-/jwa-2.0.1.tgz 1ms (cache hit)
920 http cache semver@https://registry.npmjs.org/semver/-/semver-7.8.5.tgz 0ms (cache hit)
921 http cache lodash.once@https://registry.npmjs.org/lodash.once/-/lodash.once-4.1.1.tgz 0ms (cache hit)
922 http cache lodash.isplainobject@https://registry.npmjs.org/lodash.isplainobject/-/lodash.isplainobject-4.0.6.tgz 0ms (cache hit)
923 http cache lodash.isstring@https://registry.npmjs.org/lodash.isstring/-/lodash.isstring-4.0.1.tgz 0ms (cache hit)
924 http cache lodash.isnumber@https://registry.npmjs.org/lodash.isnumber/-/lodash.isnumber-3.0.3.tgz 0ms (cache hit)
925 http cache lodash.isinteger@https://registry.npmjs.org/lodash.isinteger/-/lodash.isinteger-4.0.4.tgz 0ms (cache hit)
926 http cache lodash.isboolean@https://registry.npmjs.org/lodash.isboolean/-/lodash.isboolean-3.0.3.tgz 0ms (cache hit)
927 http cache lodash.includes@https://registry.npmjs.org/lodash.includes/-/lodash.includes-4.3.0.tgz 0ms (cache hit)
928 http cache jws@https://registry.npmjs.org/jws/-/jws-4.0.1.tgz 0ms (cache hit)
929 http cache safer-buffer@https://registry.npmjs.org/safer-buffer/-/safer-buffer-2.1.2.tgz 0ms (cache hit)
930 http cache toidentifier@https://registry.npmjs.org/toidentifier/-/toidentifier-1.0.1.tgz 0ms (cache hit)
931 http cache setprototypeof@https://registry.npmjs.org/setprototypeof/-/setprototypeof-1.2.0.tgz 0ms (cache hit)
932 http cache inherits@https://registry.npmjs.org/inherits/-/inherits-2.0.4.tgz 0ms (cache hit)
933 http cache ms@https://registry.npmjs.org/ms/-/ms-2.1.3.tgz 0ms (cache hit)
934 http cache raw-body@https://registry.npmjs.org/raw-body/-/raw-body-3.0.2.tgz 0ms (cache hit)
935 http cache iconv-lite@https://registry.npmjs.org/iconv-lite/-/iconv-lite-0.7.3.tgz 0ms (cache hit)
936 http cache negotiator@https://registry.npmjs.org/negotiator/-/negotiator-1.0.0.tgz 0ms (cache hit)
937 http cache bytes@https://registry.npmjs.org/bytes/-/bytes-3.1.2.tgz 0ms (cache hit)
938 http cache vary@https://registry.npmjs.org/vary/-/vary-1.1.2.tgz 0ms (cache hit)
939 http cache type-is@https://registry.npmjs.org/type-is/-/type-is-2.1.0.tgz 0ms (cache hit)
940 http cache statuses@https://registry.npmjs.org/statuses/-/statuses-2.0.2.tgz 0ms (cache hit)
941 http cache send@https://registry.npmjs.org/send/-/send-1.2.1.tgz 0ms (cache hit)
942 http cache serve-static@https://registry.npmjs.org/serve-static/-/serve-static-2.2.1.tgz 0ms (cache hit)
943 http cache router@https://registry.npmjs.org/router/-/router-2.2.0.tgz 0ms (cache hit)
944 http cache qs@https://registry.npmjs.org/qs/-/qs-6.15.3.tgz 0ms (cache hit)
945 http cache range-parser@https://registry.npmjs.org/range-parser/-/range-parser-1.3.0.tgz 0ms (cache hit)
946 http cache parseurl@https://registry.npmjs.org/parseurl/-/parseurl-1.3.3.tgz 0ms (cache hit)
947 http cache proxy-addr@https://registry.npmjs.org/proxy-addr/-/proxy-addr-2.0.7.tgz 0ms (cache hit)
948 http cache once@https://registry.npmjs.org/once/-/once-1.4.0.tgz 0ms (cache hit)
949 http cache on-finished@https://registry.npmjs.org/on-finished/-/on-finished-2.4.1.tgz 0ms (cache hit)
950 http cache mime-types@https://registry.npmjs.org/mime-types/-/mime-types-3.0.2.tgz 0ms (cache hit)
951 http cache merge-descriptors@https://registry.npmjs.org/merge-descriptors/-/merge-descriptors-2.0.0.tgz 0ms (cache hit)
952 http cache http-errors@https://registry.npmjs.org/http-errors/-/http-errors-2.0.1.tgz 0ms (cache hit)
953 http cache fresh@https://registry.npmjs.org/fresh/-/fresh-2.0.0.tgz 0ms (cache hit)
954 http cache finalhandler@https://registry.npmjs.org/finalhandler/-/finalhandler-2.1.1.tgz 0ms (cache hit)
955 http cache etag@https://registry.npmjs.org/etag/-/etag-1.8.1.tgz 0ms (cache hit)
956 http cache escape-html@https://registry.npmjs.org/escape-html/-/escape-html-1.0.3.tgz 0ms (cache hit)
957 http cache encodeurl@https://registry.npmjs.org/encodeurl/-/encodeurl-2.0.0.tgz 0ms (cache hit)
958 http cache debug@https://registry.npmjs.org/debug/-/debug-4.4.3.tgz 0ms (cache hit)
959 http cache depd@https://registry.npmjs.org/depd/-/depd-2.0.0.tgz 0ms (cache hit)
960 http cache cookie-signature@https://registry.npmjs.org/cookie-signature/-/cookie-signature-1.2.2.tgz 0ms (cache hit)
961 http cache content-type@https://registry.npmjs.org/content-type/-/content-type-1.0.5.tgz 0ms (cache hit)
962 http cache cookie@https://registry.npmjs.org/cookie/-/cookie-0.7.2.tgz 0ms (cache hit)
963 http cache content-disposition@https://registry.npmjs.org/content-disposition/-/content-disposition-1.1.0.tgz 0ms (cache hit)
964 http cache body-parser@https://registry.npmjs.org/body-parser/-/body-parser-2.3.0.tgz 0ms (cache hit)
965 http cache accepts@https://registry.npmjs.org/accepts/-/accepts-2.0.0.tgz 0ms (cache hit)
966 http cache sqlite3@https://registry.npmjs.org/sqlite3/-/sqlite3-6.0.1.tgz 0ms (cache hit)
967 http cache sequelize@https://registry.npmjs.org/sequelize/-/sequelize-6.37.8.tgz 0ms (cache hit)
968 http cache jsonwebtoken@https://registry.npmjs.org/jsonwebtoken/-/jsonwebtoken-9.0.3.tgz 0ms (cache hit)
969 http cache dotenv@https://registry.npmjs.org/dotenv/-/dotenv-17.4.2.tgz 0ms (cache hit)
970 http cache bcryptjs@https://registry.npmjs.org/bcryptjs/-/bcryptjs-3.0.3.tgz 0ms (cache hit)
971 http cache chownr@https://registry.npmjs.org/chownr/-/chownr-1.1.4.tgz 0ms (cache hit)
972 http cache express@https://registry.npmjs.org/express/-/express-5.2.1.tgz 0ms (cache hit)
973 http cache content-type@https://registry.npmjs.org/content-type/-/content-type-2.1.0.tgz 0ms (cache hit)
974 http cache content-type@https://registry.npmjs.org/content-type/-/content-type-2.1.0.tgz 0ms (cache hit)
975 silly tarball no local data for undici-types@https://registry.npmjs.org/undici-types/-/undici-types-8.3.0.tgz. Extracting by manifest.
976 silly tarball no local data for @types/node@https://registry.npmjs.org/@types/node/-/node-26.2.0.tgz. Extracting by manifest.
977 silly tarball no local data for picomatch@https://registry.npmjs.org/picomatch/-/picomatch-4.0.5.tgz. Extracting by manifest.
978 silly tarball no local data for string_decoder@https://registry.npmjs.org/string_decoder/-/string_decoder-1.3.0.tgz. Extracting by manifest.
979 silly tarball no local data for util-deprecate@https://registry.npmjs.org/util-deprecate/-/util-deprecate-1.0.2.tgz. Extracting by manifest.
980 silly tarball no local data for ieee754@https://registry.npmjs.org/ieee754/-/ieee754-1.2.1.tgz. Extracting by manifest.
981 silly tarball no local data for base64-js@https://registry.npmjs.org/base64-js/-/base64-js-1.5.1.tgz. Extracting by manifest.
982 silly tarball no local data for buffer@https://registry.npmjs.org/buffer/-/buffer-5.7.1.tgz. Extracting by manifest.
983 silly tarball no local data for fdir@https://registry.npmjs.org/fdir/-/fdir-6.5.0.tgz. Extracting by manifest.
984 silly tarball no local data for isexe@https://registry.npmjs.org/isexe/-/isexe-4.0.0.tgz. Extracting by manifest.
985 silly tarball no local data for fs-constants@https://registry.npmjs.org/fs-constants/-/fs-constants-1.0.0.tgz. Extracting by manifest.
986 silly tarball no local data for readable-stream@https://registry.npmjs.org/readable-stream/-/readable-stream-3.6.2.tgz. Extracting by manifest.
987 silly tarball no local data for bl@https://registry.npmjs.org/bl/-/bl-4.1.0.tgz. Extracting by manifest.
988 silly tarball no local data for yallist@https://registry.npmjs.org/yallist/-/yallist-5.0.0.tgz. Extracting by manifest.
989 silly tarball no local data for tar-stream@https://registry.npmjs.org/tar-stream/-/tar-stream-2.2.0.tgz. Extracting by manifest.
990 silly tarball no local data for minizlib@https://registry.npmjs.org/minizlib/-/minizlib-3.1.0.tgz. Extracting by manifest.
991 silly tarball no local data for minipass@https://registry.npmjs.org/minipass/-/minipass-7.1.3.tgz. Extracting by manifest.
992 silly tarball no local data for chownr@https://registry.npmjs.org/chownr/-/chownr-3.0.0.tgz. Extracting by manifest.
993 silly tarball no local data for mimic-response@https://registry.npmjs.org/mimic-response/-/mimic-response-3.1.0.tgz. Extracting by manifest.
994 silly tarball no local data for @isaacs/fs-minipass@https://registry.npmjs.org/@isaacs/fs-minipass/-/fs-minipass-4.0.1.tgz. Extracting by manifest.
995 silly tarball no local data for simple-concat@https://registry.npmjs.org/simple-concat/-/simple-concat-1.0.1.tgz. Extracting by manifest.
996 silly tarball no local data for decompress-response@https://registry.npmjs.org/decompress-response/-/decompress-response-6.0.0.tgz. Extracting by manifest.
997 silly tarball no local data for strip-json-comments@https://registry.npmjs.org/strip-json-comments/-/strip-json-comments-2.0.1.tgz. Extracting by manifest.
998 silly tarball no local data for ini@https://registry.npmjs.org/ini/-/ini-1.3.8.tgz. Extracting by manifest.
999 silly tarball no local data for deep-extend@https://registry.npmjs.org/deep-extend/-/deep-extend-0.6.0.tgz. Extracting by manifest.
1000 silly tarball no local data for end-of-stream@https://registry.npmjs.org/end-of-stream/-/end-of-stream-1.4.5.tgz. Extracting by manifest.
1001 silly tarball no local data for tunnel-agent@https://registry.npmjs.org/tunnel-agent/-/tunnel-agent-0.6.0.tgz. Extracting by manifest.
1002 silly tarball no local data for tar-fs@https://registry.npmjs.org/tar-fs/-/tar-fs-2.1.5.tgz. Extracting by manifest.
1003 silly tarball no local data for simple-get@https://registry.npmjs.org/simple-get/-/simple-get-4.0.1.tgz. Extracting by manifest.
1004 silly tarball no local data for rc@https://registry.npmjs.org/rc/-/rc-1.2.8.tgz. Extracting by manifest.
1005 silly tarball no local data for pump@https://registry.npmjs.org/pump/-/pump-3.0.4.tgz. Extracting by manifest.
1006 silly tarball no local data for napi-build-utils@https://registry.npmjs.org/napi-build-utils/-/napi-build-utils-2.0.0.tgz. Extracting by manifest.
1007 silly tarball no local data for node-abi@https://registry.npmjs.org/node-abi/-/node-abi-3.94.0.tgz. Extracting by manifest.
1008 silly tarball no local data for mkdirp-classic@https://registry.npmjs.org/mkdirp-classic/-/mkdirp-classic-0.5.3.tgz. Extracting by manifest.
1009 silly tarball no local data for minimist@https://registry.npmjs.org/minimist/-/minimist-1.2.8.tgz. Extracting by manifest.
1010 silly tarball no local data for github-from-package@https://registry.npmjs.org/github-from-package/-/github-from-package-0.0.0.tgz. Extracting by manifest.
1011 silly tarball no local data for expand-template@https://registry.npmjs.org/expand-template/-/expand-template-2.0.3.tgz. Extracting by manifest.
1012 silly tarball no local data for detect-libc@https://registry.npmjs.org/detect-libc/-/detect-libc-2.1.2.tgz. Extracting by manifest.
1013 silly tarball no local data for which@https://registry.npmjs.org/which/-/which-6.0.1.tgz. Extracting by manifest.
1014 silly tarball no local data for abbrev@https://registry.npmjs.org/abbrev/-/abbrev-4.0.0.tgz. Extracting by manifest.
1015 silly tarball no local data for undici@https://registry.npmjs.org/undici/-/undici-6.28.0.tgz. Extracting by manifest.
1016 silly tarball no local data for tinyglobby@https://registry.npmjs.org/tinyglobby/-/tinyglobby-0.2.17.tgz. Extracting by manifest.
1017 silly tarball no local data for proc-log@https://registry.npmjs.org/proc-log/-/proc-log-6.1.0.tgz. Extracting by manifest.
1018 silly tarball no local data for nopt@https://registry.npmjs.org/nopt/-/nopt-9.0.0.tgz. Extracting by manifest.
1019 silly tarball no local data for graceful-fs@https://registry.npmjs.org/graceful-fs/-/graceful-fs-4.2.11.tgz. Extracting by manifest.
1020 silly tarball no local data for exponential-backoff@https://registry.npmjs.org/exponential-backoff/-/exponential-backoff-3.1.3.tgz. Extracting by manifest.
1021 silly tarball no local data for env-paths@https://registry.npmjs.org/env-paths/-/env-paths-2.2.1.tgz. Extracting by manifest.
1022 silly tarball no local data for file-uri-to-path@https://registry.npmjs.org/file-uri-to-path/-/file-uri-to-path-1.0.0.tgz. Extracting by manifest.
1023 silly tarball no local data for tar@https://registry.npmjs.org/tar/-/tar-7.5.22.tgz. Extracting by manifest.
1024 silly tarball no local data for prebuild-install@https://registry.npmjs.org/prebuild-install/-/prebuild-install-7.1.3.tgz. Extracting by manifest.
1025 silly tarball no local data for node-gyp@https://registry.npmjs.org/node-gyp/-/node-gyp-12.4.0.tgz. Extracting by manifest.
1026 silly tarball no local data for node-addon-api@https://registry.npmjs.org/node-addon-api/-/node-addon-api-8.9.2.tgz. Extracting by manifest.
1027 silly tarball no local data for bindings@https://registry.npmjs.org/bindings/-/bindings-1.5.0.tgz. Extracting by manifest.
1028 silly tarball no local data for wkx@https://registry.npmjs.org/wkx/-/wkx-0.5.0.tgz. Extracting by manifest.
1029 silly tarball no local data for @types/ms@https://registry.npmjs.org/@types/ms/-/ms-2.1.0.tgz. Extracting by manifest.
1030 silly tarball no local data for validator@https://registry.npmjs.org/validator/-/validator-13.15.35.tgz. Extracting by manifest.
1031 silly tarball no local data for uuid@https://registry.npmjs.org/uuid/-/uuid-8.3.2.tgz. Extracting by manifest.
1032 silly tarball no local data for toposort-class@https://registry.npmjs.org/toposort-class/-/toposort-class-1.0.1.tgz. Extracting by manifest.
1033 silly tarball no local data for sequelize-pool@https://registry.npmjs.org/sequelize-pool/-/sequelize-pool-7.1.0.tgz. Extracting by manifest.
1034 silly tarball no local data for pg-connection-string@https://registry.npmjs.org/pg-connection-string/-/pg-connection-string-2.14.0.tgz. Extracting by manifest.
1035 silly tarball no local data for retry-as-promised@https://registry.npmjs.org/retry-as-promised/-/retry-as-promised-7.1.1.tgz. Extracting by manifest.
1036 silly tarball no local data for moment-timezone@https://registry.npmjs.org/moment-timezone/-/moment-timezone-0.5.48.tgz. Extracting by manifest.
1037 silly tarball no local data for moment@https://registry.npmjs.org/moment/-/moment-2.30.1.tgz. Extracting by manifest.
1038 silly tarball no local data for lodash@https://registry.npmjs.org/lodash/-/lodash-4.18.1.tgz. Extracting by manifest.
1039 silly tarball no local data for inflection@https://registry.npmjs.org/inflection/-/inflection-1.13.4.tgz. Extracting by manifest.
1040 silly tarball no local data for dottie@https://registry.npmjs.org/dottie/-/dottie-2.0.7.tgz. Extracting by manifest.
1041 silly tarball no local data for @types/debug@https://registry.npmjs.org/@types/debug/-/debug-4.1.13.tgz. Extracting by manifest.
1042 silly tarball no local data for @types/validator@https://registry.npmjs.org/@types/validator/-/validator-13.15.10.tgz. Extracting by manifest.
1043 silly tarball no local data for ecdsa-sig-formatter@https://registry.npmjs.org/ecdsa-sig-formatter/-/ecdsa-sig-formatter-1.0.11.tgz. Extracting by manifest.
1044 silly tarball no local data for buffer-equal-constant-time@https://registry.npmjs.org/buffer-equal-constant-time/-/buffer-equal-constant-time-1.0.1.tgz. Extracting by manifest.
1045 silly tarball no local data for safe-buffer@https://registry.npmjs.org/safe-buffer/-/safe-buffer-5.2.1.tgz. Extracting by manifest.
1046 silly tarball no local data for jwa@https://registry.npmjs.org/jwa/-/jwa-2.0.1.tgz. Extracting by manifest.
1047 silly tarball no local data for lodash.once@https://registry.npmjs.org/lodash.once/-/lodash.once-4.1.1.tgz. Extracting by manifest.
1048 silly tarball no local data for lodash.isplainobject@https://registry.npmjs.org/lodash.isplainobject/-/lodash.isplainobject-4.0.6.tgz. Extracting by manifest.
1049 silly tarball no local data for lodash.isstring@https://registry.npmjs.org/lodash.isstring/-/lodash.isstring-4.0.1.tgz. Extracting by manifest.
1050 silly tarball no local data for lodash.isnumber@https://registry.npmjs.org/lodash.isnumber/-/lodash.isnumber-3.0.3.tgz. Extracting by manifest.
1051 silly tarball no local data for lodash.isinteger@https://registry.npmjs.org/lodash.isinteger/-/lodash.isinteger-4.0.4.tgz. Extracting by manifest.
1052 silly tarball no local data for lodash.isboolean@https://registry.npmjs.org/lodash.isboolean/-/lodash.isboolean-3.0.3.tgz. Extracting by manifest.
1053 silly tarball no local data for lodash.includes@https://registry.npmjs.org/lodash.includes/-/lodash.includes-4.3.0.tgz. Extracting by manifest.
1054 silly tarball no local data for jws@https://registry.npmjs.org/jws/-/jws-4.0.1.tgz. Extracting by manifest.
1055 silly tarball no local data for sqlite3@https://registry.npmjs.org/sqlite3/-/sqlite3-6.0.1.tgz. Extracting by manifest.
1056 silly tarball no local data for sequelize@https://registry.npmjs.org/sequelize/-/sequelize-6.37.8.tgz. Extracting by manifest.
1057 silly tarball no local data for jsonwebtoken@https://registry.npmjs.org/jsonwebtoken/-/jsonwebtoken-9.0.3.tgz. Extracting by manifest.
1058 silly tarball no local data for bcryptjs@https://registry.npmjs.org/bcryptjs/-/bcryptjs-3.0.3.tgz. Extracting by manifest.
1059 silly tarball no local data for chownr@https://registry.npmjs.org/chownr/-/chownr-1.1.4.tgz. Extracting by manifest.
1060 http fetch POST 200 https://registry.npmjs.org/-/npm/v1/security/advisories/bulk 1202ms
1061 silly audit report {
1061 silly audit report   uuid: [
1061 silly audit report     {
1061 silly audit report       id: 1119441,
1061 silly audit report       url: 'https://github.com/advisories/GHSA-w5hq-g745-h8pq',
1061 silly audit report       title: 'uuid: Missing buffer bounds check in v3/v5/v6 when buf is provided',
1061 silly audit report       severity: 'moderate',
1061 silly audit report       vulnerable_versions: '<11.1.1',
1061 silly audit report       cwe: [Array],
1061 silly audit report       cvss: [Object]
1061 silly audit report     }
1061 silly audit report   ]
1061 silly audit report }
1062 silly packumentCache corgi:https://registry.npmjs.org/uuid cache-miss
1063 http fetch GET 200 https://registry.npmjs.org/string_decoder/-/string_decoder-1.3.0.tgz 1223ms (cache miss)
1064 http fetch GET 200 https://registry.npmjs.org/util-deprecate/-/util-deprecate-1.0.2.tgz 1222ms (cache miss)
1065 http fetch GET 200 https://registry.npmjs.org/tar-stream/-/tar-stream-2.2.0.tgz 1224ms (cache miss)
1066 http fetch GET 200 https://registry.npmjs.org/ieee754/-/ieee754-1.2.1.tgz 1278ms (cache miss)
1067 http fetch GET 200 https://registry.npmjs.org/decompress-response/-/decompress-response-6.0.0.tgz 1427ms (cache miss)
1068 http fetch GET 200 https://registry.npmjs.org/picomatch/-/picomatch-4.0.5.tgz 1515ms (cache miss)
1069 http fetch GET 200 https://registry.npmjs.org/chownr/-/chownr-3.0.0.tgz 1480ms (cache miss)
1070 http fetch GET 200 https://registry.npmjs.org/mimic-response/-/mimic-response-3.1.0.tgz 1480ms (cache miss)
1071 http fetch GET 200 https://registry.npmjs.org/simple-concat/-/simple-concat-1.0.1.tgz 1552ms (cache miss)
1072 http fetch GET 200 https://registry.npmjs.org/strip-json-comments/-/strip-json-comments-2.0.1.tgz 1570ms (cache miss)
1073 http fetch GET 200 https://registry.npmjs.org/tunnel-agent/-/tunnel-agent-0.6.0.tgz 1587ms (cache miss)
1074 http fetch GET 200 https://registry.npmjs.org/end-of-stream/-/end-of-stream-1.4.5.tgz 1590ms (cache miss)
1075 http fetch GET 200 https://registry.npmjs.org/deep-extend/-/deep-extend-0.6.0.tgz 1611ms (cache miss)
1076 http fetch GET 200 https://registry.npmjs.org/ini/-/ini-1.3.8.tgz 1615ms (cache miss)
1077 http fetch GET 200 https://registry.npmjs.org/fs-constants/-/fs-constants-1.0.0.tgz 1670ms (cache miss)
1078 http fetch GET 200 https://registry.npmjs.org/simple-get/-/simple-get-4.0.1.tgz 1635ms (cache miss)
1079 http fetch GET 200 https://registry.npmjs.org/pump/-/pump-3.0.4.tgz 1633ms (cache miss)
1080 http fetch GET 200 https://registry.npmjs.org/rc/-/rc-1.2.8.tgz 1641ms (cache miss)
1081 http fetch GET 200 https://registry.npmjs.org/napi-build-utils/-/napi-build-utils-2.0.0.tgz 1643ms (cache miss)
1082 http fetch GET 200 https://registry.npmjs.org/node-abi/-/node-abi-3.94.0.tgz 1643ms (cache miss)
1083 http fetch GET 200 https://registry.npmjs.org/base64-js/-/base64-js-1.5.1.tgz 1711ms (cache miss)
1084 http fetch GET 200 https://registry.npmjs.org/github-from-package/-/github-from-package-0.0.0.tgz 1648ms (cache miss)
1085 http fetch GET 200 https://registry.npmjs.org/fdir/-/fdir-6.5.0.tgz 1748ms (cache miss)
1086 http fetch GET 200 https://registry.npmjs.org/buffer/-/buffer-5.7.1.tgz 1790ms (cache miss)
1087 http fetch GET 200 https://registry.npmjs.org/bl/-/bl-4.1.0.tgz 1791ms (cache miss)
1088 http fetch GET 200 https://registry.npmjs.org/undici-types/-/undici-types-8.3.0.tgz 1824ms (cache miss)
1089 http fetch GET 200 https://registry.npmjs.org/@isaacs/fs-minipass/-/fs-minipass-4.0.1.tgz 1786ms (cache miss)
1090 http fetch GET 200 https://registry.npmjs.org/yallist/-/yallist-5.0.0.tgz 1930ms (cache miss)
1091 http fetch GET 200 https://registry.npmjs.org/minipass/-/minipass-7.1.3.tgz 1946ms (cache miss)
1092 http fetch GET 200 https://registry.npmjs.org/expand-template/-/expand-template-2.0.3.tgz 1916ms (cache miss)
1093 http fetch GET 200 https://registry.npmjs.org/abbrev/-/abbrev-4.0.0.tgz 1912ms (cache miss)
1094 http fetch GET 200 https://registry.npmjs.org/mkdirp-classic/-/mkdirp-classic-0.5.3.tgz 1927ms (cache miss)
1095 http fetch GET 200 https://registry.npmjs.org/proc-log/-/proc-log-6.1.0.tgz 1944ms (cache miss)
1096 http fetch GET 200 https://registry.npmjs.org/minimist/-/minimist-1.2.8.tgz 2018ms (cache miss)
1097 http fetch GET 200 https://registry.npmjs.org/which/-/which-6.0.1.tgz 2053ms (cache miss)
1098 http fetch GET 200 https://registry.npmjs.org/tar-fs/-/tar-fs-2.1.5.tgz 2113ms (cache miss)
1099 http fetch GET 200 https://registry.npmjs.org/tinyglobby/-/tinyglobby-0.2.17.tgz 2104ms (cache miss)
1100 http fetch GET 200 https://registry.npmjs.org/detect-libc/-/detect-libc-2.1.2.tgz 2128ms (cache miss)
1101 http fetch GET 200 https://registry.npmjs.org/file-uri-to-path/-/file-uri-to-path-1.0.0.tgz 2193ms (cache miss)
1102 http fetch GET 200 https://registry.npmjs.org/env-paths/-/env-paths-2.2.1.tgz 2197ms (cache miss)
1103 http fetch GET 200 https://registry.npmjs.org/graceful-fs/-/graceful-fs-4.2.11.tgz 2216ms (cache miss)
1104 http fetch GET 200 https://registry.npmjs.org/minizlib/-/minizlib-3.1.0.tgz 2297ms (cache miss)
1105 http fetch GET 200 https://registry.npmjs.org/nopt/-/nopt-9.0.0.tgz 2244ms (cache miss)
1106 http fetch GET 200 https://registry.npmjs.org/@types/ms/-/ms-2.1.0.tgz 2234ms (cache miss)
1107 http fetch GET 200 https://registry.npmjs.org/bindings/-/bindings-1.5.0.tgz 2266ms (cache miss)
1108 http fetch GET 200 https://registry.npmjs.org/prebuild-install/-/prebuild-install-7.1.3.tgz 2281ms (cache miss)
1109 http fetch GET 200 https://registry.npmjs.org/toposort-class/-/toposort-class-1.0.1.tgz 2296ms (cache miss)
1110 warn deprecated prebuild-install@7.1.3: No longer maintained. Please contact the author of the relevant native addon; alternatives are available.
1111 http fetch GET 200 https://registry.npmjs.org/sequelize-pool/-/sequelize-pool-7.1.0.tgz 2333ms (cache miss)
1112 http fetch GET 200 https://registry.npmjs.org/pg-connection-string/-/pg-connection-string-2.14.0.tgz 2331ms (cache miss)
1113 http fetch GET 200 https://registry.npmjs.org/retry-as-promised/-/retry-as-promised-7.1.1.tgz 2337ms (cache miss)
1114 http fetch GET 200 https://registry.npmjs.org/@types/debug/-/debug-4.1.13.tgz 2399ms (cache miss)
1115 http fetch GET 200 https://registry.npmjs.org/dottie/-/dottie-2.0.7.tgz 2412ms (cache miss)
1116 warn deprecated dottie@2.0.7: Package no longer supported. Contact Support at https://www.npmjs.com/support for more info.
1117 http fetch GET 200 https://registry.npmjs.org/ecdsa-sig-formatter/-/ecdsa-sig-formatter-1.0.11.tgz 2481ms (cache miss)
1118 http fetch GET 200 https://registry.npmjs.org/buffer-equal-constant-time/-/buffer-equal-constant-time-1.0.1.tgz 2506ms (cache miss)
1119 http fetch GET 200 https://registry.npmjs.org/inflection/-/inflection-1.13.4.tgz 2550ms (cache miss)
1120 http fetch GET 200 https://registry.npmjs.org/jwa/-/jwa-2.0.1.tgz 2539ms (cache miss)
1121 http fetch GET 200 https://registry.npmjs.org/safe-buffer/-/safe-buffer-5.2.1.tgz 2560ms (cache miss)
1122 http fetch GET 200 https://registry.npmjs.org/readable-stream/-/readable-stream-3.6.2.tgz 2777ms (cache miss)
1123 http fetch GET 200 https://registry.npmjs.org/node-addon-api/-/node-addon-api-8.9.2.tgz 2772ms (cache miss)
1124 http fetch GET 200 https://registry.npmjs.org/lodash.once/-/lodash.once-4.1.1.tgz 2719ms (cache miss)
1125 http fetch GET 200 https://registry.npmjs.org/lodash.isplainobject/-/lodash.isplainobject-4.0.6.tgz 2729ms (cache miss)
1126 http fetch GET 200 https://registry.npmjs.org/lodash.isboolean/-/lodash.isboolean-3.0.3.tgz 2722ms (cache miss)
1127 http fetch GET 200 https://registry.npmjs.org/lodash.isstring/-/lodash.isstring-4.0.1.tgz 2734ms (cache miss)
1128 http fetch GET 200 https://registry.npmjs.org/lodash.isinteger/-/lodash.isinteger-4.0.4.tgz 2736ms (cache miss)
1129 http fetch GET 200 https://registry.npmjs.org/lodash.isnumber/-/lodash.isnumber-3.0.3.tgz 2745ms (cache miss)
1130 http fetch GET 200 https://registry.npmjs.org/jsonwebtoken/-/jsonwebtoken-9.0.3.tgz 2726ms (cache miss)
1131 http fetch GET 200 https://registry.npmjs.org/jws/-/jws-4.0.1.tgz 2781ms (cache miss)
1132 http fetch GET 200 https://registry.npmjs.org/lodash.includes/-/lodash.includes-4.3.0.tgz 2798ms (cache miss)
1133 http fetch GET 200 https://registry.npmjs.org/wkx/-/wkx-0.5.0.tgz 2950ms (cache miss)
1134 http fetch GET 200 https://registry.npmjs.org/chownr/-/chownr-1.1.4.tgz 2923ms (cache miss)
1135 http fetch GET 200 https://registry.npmjs.org/uuid 2442ms (cache miss)
1136 silly packumentCache corgi:https://registry.npmjs.org/uuid set size:undefined disposed:false
1137 http fetch GET 200 https://registry.npmjs.org/bcryptjs/-/bcryptjs-3.0.3.tgz 3035ms (cache miss)
1138 silly packumentCache corgi:https://registry.npmjs.org/sequelize cache-miss
1139 http fetch GET 200 https://registry.npmjs.org/isexe/-/isexe-4.0.0.tgz 3253ms (cache miss)
1140 http fetch GET 200 https://registry.npmjs.org/exponential-backoff/-/exponential-backoff-3.1.3.tgz 3494ms (cache miss)
1141 http fetch GET 200 https://registry.npmjs.org/moment-timezone/-/moment-timezone-0.5.48.tgz 3465ms (cache miss)
1142 http fetch GET 200 https://registry.npmjs.org/@types/node/-/node-26.2.0.tgz 3643ms (cache miss)
1143 http fetch GET 200 https://registry.npmjs.org/uuid/-/uuid-8.3.2.tgz 3600ms (cache miss)
1144 warn deprecated uuid@8.3.2: uuid@10 and below is no longer supported.  For ESM codebases, update to uuid@latest.  For CommonJS codebases, use uuid@11 (but be aware this version will likely be deprecated in 2028).
1145 http fetch GET 200 https://registry.npmjs.org/node-gyp/-/node-gyp-12.4.0.tgz 4408ms (cache miss)
1146 http fetch GET 200 https://registry.npmjs.org/@types/validator/-/validator-13.15.10.tgz 4490ms (cache miss)
1147 http fetch GET 200 https://registry.npmjs.org/undici/-/undici-6.28.0.tgz 4827ms (cache miss)
1148 http fetch GET 200 https://registry.npmjs.org/validator/-/validator-13.15.35.tgz 4840ms (cache miss)
1149 http fetch GET 200 https://registry.npmjs.org/sequelize 2019ms (cache miss)
1150 silly packumentCache corgi:https://registry.npmjs.org/sequelize set size:undefined disposed:false
1151 http fetch GET 200 https://registry.npmjs.org/tar/-/tar-7.5.22.tgz 5400ms (cache miss)
1152 http fetch GET 200 https://registry.npmjs.org/sqlite3/-/sqlite3-6.0.1.tgz 5707ms (cache miss)
1153 http fetch GET 200 https://registry.npmjs.org/sequelize/-/sequelize-6.37.8.tgz 5729ms (cache miss)
1154 http fetch GET 200 https://registry.npmjs.org/lodash/-/lodash-4.18.1.tgz 5818ms (cache miss)
1155 http fetch GET 200 https://registry.npmjs.org/moment/-/moment-2.30.1.tgz 6243ms (cache miss)
1156 info run sqlite3@6.0.1 install node_modules/sqlite3 prebuild-install -r napi || node-gyp rebuild
1157 info run sqlite3@6.0.1 install { code: 1, signal: null }
1158 verbose stack Error: command failed
1158 verbose stack     at promiseSpawn (/data/data/com.termux/files/usr/lib/node_modules/npm/node_modules/@npmcli/promise-spawn/lib/index.js:22:22)
1158 verbose stack     at spawnWithShell (/data/data/com.termux/files/usr/lib/node_modules/npm/node_modules/@npmcli/promise-spawn/lib/index.js:124:10)
1158 verbose stack     at promiseSpawn (/data/data/com.termux/files/usr/lib/node_modules/npm/node_modules/@npmcli/promise-spawn/lib/index.js:12:12)
1158 verbose stack     at runScriptPkg (/data/data/com.termux/files/usr/lib/node_modules/npm/node_modules/@npmcli/run-script/lib/run-script-pkg.js:79:13)
1158 verbose stack     at runScript (/data/data/com.termux/files/usr/lib/node_modules/npm/node_modules/@npmcli/run-script/lib/run-script.js:9:12)
1158 verbose stack     at /data/data/com.termux/files/usr/lib/node_modules/npm/node_modules/@npmcli/arborist/lib/arborist/rebuild.js:341:17
1158 verbose stack     at run (/data/data/com.termux/files/usr/lib/node_modules/npm/node_modules/promise-call-limit/dist/commonjs/index.js:67:22)
1158 verbose stack     at /data/data/com.termux/files/usr/lib/node_modules/npm/node_modules/promise-call-limit/dist/commonjs/index.js:84:9
1158 verbose stack     at new Promise (<anonymous>)
1158 verbose stack     at callLimit (/data/data/com.termux/files/usr/lib/node_modules/npm/node_modules/promise-call-limit/dist/commonjs/index.js:35:69)
1159 verbose pkgid sqlite3@6.0.1
1160 error code 1
1161 error path /data/data/com.termux/files/home/oversabijojo-api/node_modules/sqlite3
1162 error command failed
1163 error command sh -c prebuild-install -r napi || node-gyp rebuild
1164 error prebuild-install warn install No prebuilt binaries found (target=6 runtime=napi arch=arm64 libc= platform=android)
1164 error gyp info it worked if it ends with ok
1164 error gyp info using node-gyp@12.4.0
1164 error gyp info using node@26.3.1 | android | arm64
1164 error gyp info find Python using Python version 3.12.12 found at "/data/data/com.termux/files/usr/bin/python3"
1164 error gyp http GET https://nodejs.org/download/release/v26.3.1/node-v26.3.1-headers.tar.gz
1164 error gyp http 200 https://nodejs.org/download/release/v26.3.1/node-v26.3.1-headers.tar.gz
1164 error gyp http GET https://nodejs.org/download/release/v26.3.1/SHASUMS256.txt
1164 error gyp http 200 https://nodejs.org/download/release/v26.3.1/SHASUMS256.txt
1164 error gyp info spawn /data/data/com.termux/files/usr/bin/python3
1164 error gyp info spawn args [
1164 error gyp info spawn args '/data/data/com.termux/files/home/oversabijojo-api/node_modules/node-gyp/gyp/gyp_main.py',
1164 error gyp info spawn args 'binding.gyp',
1164 error gyp info spawn args '-f',
1164 error gyp info spawn args 'make',
1164 error gyp info spawn args '-I',
1164 error gyp info spawn args '/data/data/com.termux/files/home/oversabijojo-api/node_modules/sqlite3/build/config.gypi',
1164 error gyp info spawn args '-I',
1164 error gyp info spawn args '/data/data/com.termux/files/home/oversabijojo-api/node_modules/node-gyp/addon.gypi',
1164 error gyp info spawn args '-I',
1164 error gyp info spawn args '/data/data/com.termux/files/home/.cache/node-gyp/26.3.1/include/node/common.gypi',
1164 error gyp info spawn args '-Dlibrary=shared_library',
1164 error gyp info spawn args '-Dvisibility=default',
1164 error gyp info spawn args '-Dnode_root_dir=/data/data/com.termux/files/home/.cache/node-gyp/26.3.1',
1164 error gyp info spawn args '-Dnode_gyp_dir=/data/data/com.termux/files/home/oversabijojo-api/node_modules/node-gyp',
1164 error gyp info spawn args '-Dnode_lib_file=/data/data/com.termux/files/home/.cache/node-gyp/26.3.1/<(target_arch)/node.lib',
1164 error gyp info spawn args '-Dmodule_root_dir=/data/data/com.termux/files/home/oversabijojo-api/node_modules/sqlite3',
1164 error gyp info spawn args '-Dnode_engine=v8',
1164 error gyp info spawn args '--depth=.',
1164 error gyp info spawn args '--no-parallel',
1164 error gyp info spawn args '--generator-output',
1164 error gyp info spawn args 'build',
1164 error gyp info spawn args '-Goutput_dir=.'
1164 error gyp info spawn args ]
1164 error gyp: Undefined variable android_ndk_path in binding.gyp while trying to load binding.gyp
1164 error gyp ERR! configure error 
1164 error gyp ERR! stack Error: `gyp` failed with exit code: 1
1164 error gyp ERR! stack at ChildProcess.<anonymous> (/data/data/com.termux/files/home/oversabijojo-api/node_modules/node-gyp/lib/configure.js:317:18)
1164 error gyp ERR! stack at ChildProcess.emit (node:events:509:20)
1164 error gyp ERR! stack at ChildProcess._handle.onexit (node:internal/child_process:294:12)
1164 error gyp ERR! System Linux 5.15.189-android13-8-00013-gaa2747a3794a-ab14413887
1164 error gyp ERR! command "/data/data/com.termux/files/usr/bin/node" "/data/data/com.termux/files/home/oversabijojo-api/node_modules/.bin/node-gyp" "rebuild"
1164 error gyp ERR! cwd /data/data/com.termux/files/home/oversabijojo-api/node_modules/sqlite3
1164 error gyp ERR! node -v v26.3.1
1164 error gyp ERR! node-gyp -v v12.4.0
1164 error gyp ERR! $npm_package_name sqlite3
1164 error gyp ERR! $npm_package_version 6.0.1
1164 error gyp ERR! not ok
1165 silly unfinished npm timer reify 1787058592713
1166 silly unfinished npm timer reify:build 1787058612853
1167 silly unfinished npm timer build 1787058612855
1168 silly unfinished npm timer build:deps 1787058612856
1169 silly unfinished npm timer build:run:install 1787058612946
1170 silly unfinished npm timer build:run:install:node_modules/sqlite3 1787058612947
1171 verbose cwd /data/data/com.termux/files/home/oversabijojo-api
1172 verbose os Linux 5.15.189-android13-8-00013-gaa2747a3794a-ab14413887
1173 verbose node v26.3.1
1174 verbose npm  v11.17.0
1175 verbose exit 1
1176 verbose code 1
1177 error A complete log of this run can be found in: /data/data/com.termux/files/home/.npm/_logs/2026-08-18T13_09_51_112Z-debug-0.log
